iords,mass,x,y,z,vx,vy,vz,rho,temp,metals
34448,212084.13,-184.38,140.53,95.77,115.51,-50.25,-68.18,2.59,4.59,-6.35
41705,212084.16,-178.87,128.33,119.16,114.08,-50.95,-68.15,2.60,4.74,-6.75
45255,212084.13,-169.91,138.86,126.76,115.34,-53.57,-57.43,2.63,4.78,-6.70
47505,158884.05,2.15,-4.63,-0.73,245.71,81.15,-53.19,6.91,6.46,-1.38
51835,212084.13,-192.48,117.59,113.89,111.72,-48.67,-64.16,2.54,4.66,-5.47
54801,154328.90,-2.30,4.25,-0.30,-218.78,-66.63,-25.67,7.96,4.01,-1.46
74188,188010.69,-4.68,6.16,1.88,-231.81,-94.67,17.86,6.78,5.51,-1.55
74240,213524.09,5.49,11.13,-4.43,-90.02,29.14,17.03,5.31,6.05,-2.25
77366,212979.63,23.53,-39.71,87.98,50.18,59.94,-53.28,5.22,4.01,-2.47
80989,214269.06,-5.44,-3.42,-5.50,66.03,-89.98,22.70,5.60,6.25,-2.09
85648,126290.40,-4.44,5.56,-1.08,-166.47,-69.73,-11.89,7.06,4.07,-1.48
90060,212084.13,-169.72,146.98,109.51,101.47,-64.10,-57.61,2.75,4.74,-5.13
97037,133265.60,-4.95,0.05,0.41,82.87,-216.75,15.04,7.71,5.88,-1.43
101076,233533.05,6.80,-2.56,-0.21,82.91,237.30,21.01,8.27,4.30,-1.50
101237,216696.57,7.28,-1.91,-0.30,116.08,230.32,40.00,7.50,4.04,-1.60
106049,212084.13,-175.12,130.68,130.42,112.09,-54.11,-60.56,2.60,4.65,-7.31
108802,96958.14,-4.47,-3.83,0.68,159.32,-128.35,-48.61,7.41,4.03,-1.46
108981,173858.01,11.41,-0.85,5.92,-96.55,83.03,-270.84,5.53,6.09,-2.31
113422,213727.20,5.14,-16.86,-2.00,88.71,50.45,49.90,5.25,5.97,-2.20
113904,116131.84,0.81,-3.98,1.09,177.50,20.06,69.47,6.87,4.10,-1.32
117137,212741.72,20.05,-30.26,51.26,49.34,46.81,-86.65,4.42,5.35,-2.45
120058,213054.54,16.25,0.15,-2.11,-21.41,127.64,-6.40,5.28,6.01,-2.31
135490,212872.25,19.65,-35.51,52.59,46.86,80.33,-77.56,4.72,5.47,-2.50
142541,172989.71,22.17,-39.29,93.66,36.21,41.42,-56.34,5.01,4.06,-2.54
147503,214788.25,-0.83,14.85,-1.89,-117.85,6.26,-8.69,5.33,5.96,-2.30
149345,142920.90,2.59,-5.97,0.34,240.88,106.83,3.40,8.16,3.97,-1.51
153167,212803.01,28.63,-27.24,75.34,32.54,51.54,-70.17,5.05,4.05,-2.50
156958,67356.94,3.62,-7.45,1.63,167.99,44.99,-24.28,5.75,6.28,-1.52
159888,99127.43,4.37,9.14,0.48,-134.81,71.87,-54.26,5.83,5.60,-1.69
160277,175491.82,6.55,-1.93,-0.30,85.53,261.99,31.60,7.92,4.00,-1.51
161475,90156.27,-4.83,-0.81,1.68,30.97,-92.47,-74.64,6.34,6.04,-1.46
165355,126043.04,1.92,4.43,0.31,-229.16,72.37,10.36,7.92,4.02,-1.53
167810,238810.96,1.76,-6.79,-0.58,247.09,66.10,5.88,7.51,4.04,-1.55
172510,213509.46,3.00,-7.61,1.36,127.72,135.46,-53.81,7.27,4.04,-1.63
173499,70829.92,0.71,-5.79,-0.91,243.63,-20.35,-13.87,6.90,5.34,-1.45
181914,86166.24,-3.28,1.45,-1.60,-76.11,-129.37,-2.56,6.15,5.99,-1.34
185103,213346.90,2.89,12.95,0.66,-127.53,56.17,-7.88,5.45,5.95,-2.25
185747,165573.70,1.59,-4.53,0.33,283.60,45.22,-19.23,8.19,4.01,-1.45
187870,189631.27,-4.35,5.41,-0.70,-166.55,-107.57,22.41,7.39,4.06,-1.49
203283,213504.96,-5.78,5.54,-4.82,-100.56,-67.65,8.80,5.60,6.13,-2.13
205844,223649.46,23.89,-20.12,54.88,12.06,71.93,-101.80,5.24,4.02,-2.46
206663,146007.82,-2.60,4.73,0.53,-239.77,-147.23,81.86,6.88,6.55,-1.46
206713,205777.23,3.85,-5.22,-0.97,207.31,139.90,-24.23,7.28,4.04,-1.46
213958,164910.62,11.75,8.03,-6.07,-66.03,85.41,28.11,5.21,5.92,-2.23
214367,213040.19,26.57,-31.50,59.10,33.04,58.38,-77.85,4.35,4.28,-2.51
216185,217464.66,5.34,3.04,-0.30,-102.48,218.78,-16.47,7.65,4.02,-1.61
216540,70346.71,-4.60,8.43,0.16,-216.05,-9.26,-0.09,6.75,4.06,-1.52
216642,143012.75,-1.66,-2.95,2.54,157.91,-92.94,-9.06,5.95,6.22,-1.37
217287,151464.29,-4.38,-2.92,-0.33,138.76,-160.68,57.36,7.91,4.00,-1.46
217392,149708.17,-6.40,-4.12,0.55,132.51,-126.23,-33.44,6.73,4.09,-1.70
220592,218313.82,-2.08,-5.09,0.05,241.81,-63.97,-11.33,7.59,5.66,-1.48
224714,133164.85,-6.60,-10.55,1.33,114.55,-38.69,16.05,5.55,6.01,-2.02
228220,147909.93,4.70,-0.91,2.50,27.48,220.35,-33.79,6.10,6.10,-1.48
228275,153244.22,-0.36,-5.12,-0.28,250.59,-22.20,22.35,8.05,4.02,-1.46
228674,213350.44,-10.13,7.10,-8.72,-35.42,-81.59,13.34,5.27,6.07,-2.16
229051,155031.95,0.64,5.24,0.04,-253.74,69.48,3.05,7.75,4.02,-1.55
230103,79285.11,1.88,-10.04,-2.52,163.56,50.74,51.08,5.71,6.15,-1.75
232137,129499.59,6.30,-2.14,-0.09,134.62,166.75,3.94,7.31,5.89,-1.44
233975,192400.40,9.73,3.18,0.28,-25.04,159.63,14.97,5.72,6.26,-1.67
236153,216959.43,-6.00,-7.36,-1.97,124.44,-84.17,12.58,5.79,5.85,-2.02
236868,116245.49,3.00,-5.69,0.01,226.56,161.12,5.23,8.23,4.01,-1.56
238861,145517.41,-7.07,5.04,0.05,-126.13,-144.98,-6.74,7.33,4.06,-1.49
250211,104251.16,-2.16,5.56,2.64,-234.20,-75.94,-9.87,6.21,5.67,-1.46
257370,212984.77,3.10,13.69,-8.60,-112.50,11.74,7.91,5.24,5.94,-2.23
279520,214009.92,5.93,-0.00,6.19,0.28,165.07,-13.74,5.67,6.00,-1.76
281037,212716.06,-0.46,9.49,4.41,-129.37,41.50,-6.63,5.58,5.97,-2.06
282626,114058.89,6.90,5.18,1.74,-74.52,173.07,26.76,5.66,6.38,-1.61
285610,147403.11,-1.08,-3.80,1.99,167.36,-51.64,34.16,6.02,6.55,-1.37
286193,213605.26,-9.63,2.34,4.64,-16.97,-94.09,-9.21,5.59,6.00,-1.90
288118,132233.64,-0.90,5.68,-0.76,-233.79,-4.70,19.45,7.15,5.72,-1.49
288697,217387.76,-1.53,5.65,-1.21,-206.45,-83.49,-5.94,7.57,4.01,-1.52
290217,174373.88,0.53,13.01,3.54,-93.41,44.39,8.06,5.52,5.85,-1.98
291454,136685.11,7.06,-3.13,-0.18,128.50,184.13,-4.72,7.24,5.81,-1.55
291763,127161.47,4.14,-14.30,2.32,90.56,56.77,52.58,5.39,6.04,-2.08
292434,230520.65,-13.11,-0.36,-0.64,26.51,-82.78,17.19,5.43,5.96,-2.08
293455,100622.18,1.64,7.82,-0.78,-233.99,42.57,-24.90,7.09,4.06,-1.60
296807,185274.51,5.74,-5.36,0.99,129.03,171.61,-45.06,7.38,4.05,-1.50
297532,178781.37,-6.18,3.97,1.29,-127.50,-152.24,-42.91,7.19,4.08,-1.54
299206,179045.51,-2.89,-7.21,2.15,132.91,-112.85,0.65,6.04,6.00,-1.43
306041,219670.95,-4.21,-2.87,1.00,157.64,-168.23,-10.13,7.22,4.04,-1.46
306586,117506.98,9.40,-3.15,-0.34,44.06,148.28,-1.95,6.02,5.80,-1.58
307226,85149.20,-6.06,-2.11,-0.99,55.68,-213.64,14.59,7.28,4.05,-1.47
307250,135012.27,7.91,-2.37,-5.79,50.79,102.66,1.25,5.49,5.98,-1.40
309805,144056.12,6.79,-2.42,-2.99,95.69,136.72,14.54,6.32,6.10,-1.54
310806,213030.81,24.31,-26.18,70.01,22.94,56.12,-89.38,5.12,4.04,-2.55
311818,137654.67,-0.99,-7.65,2.15,205.49,-29.44,30.05,6.23,5.92,-1.62
312048,86759.22,1.48,5.36,-2.88,-99.63,78.18,-16.01,5.88,5.99,-1.42
313034,118441.10,2.96,-7.31,-0.30,204.95,122.36,16.45,7.75,4.29,-1.55
319697,214505.70,31.83,-42.17,73.75,22.45,62.62,-66.56,4.81,4.09,-2.46
320527,154430.91,-0.97,13.66,-4.45,-123.34,-12.91,17.58,5.26,6.00,-2.31
323045,74898.73,-3.20,-6.78,1.31,156.79,-83.55,-73.69,6.24,5.94,-1.47
323189,95689.32,3.22,1.89,0.61,-123.81,196.36,-90.48,7.01,5.85,-1.33
326955,112248.45,21.58,-37.05,87.39,14.81,15.02,-90.37,4.38,5.04,-2.45
327302,78719.91,-2.60,4.78,0.05,-284.11,-45.44,24.74,7.92,4.03,-1.41
335000,212849.40,5.27,-13.93,0.48,114.67,78.80,39.64,5.40,5.97,-2.18
357379,212887.70,4.65,10.07,-4.64,-102.44,38.21,34.91,5.34,6.14,-2.29
363821,160399.31,-3.00,8.92,0.52,-170.98,-39.55,-10.87,7.28,4.03,-1.52
364092,160477.47,7.42,-6.80,-6.50,62.90,38.13,37.49,5.37,6.12,-1.50
366458,214381.58,1.79,10.65,3.78,-133.48,45.07,-3.68,5.73,5.81,-2.15
367857,149496.87,5.29,1.86,0.25,-70.12,254.83,14.31,7.93,4.03,-1.49
370301,175287.66,-8.44,-8.22,-1.73,95.04,-97.48,29.98,5.55,6.09,-2.10
370408,81854.77,-1.45,7.47,-0.36,-205.68,-44.06,12.50,7.53,4.02,-1.53
370425,131823.33,-4.25,8.96,-0.17,-211.36,-49.50,-17.19,6.79,4.06,-1.50
371593,116915.64,4.48,-3.96,-0.04,180.79,153.30,43.11,7.49,4.13,-1.38
372648,212971.00,-5.61,-10.04,-1.35,115.94,-47.12,26.86,5.62,6.09,-2.17
375544,109768.18,-6.14,-0.88,-0.17,118.13,-218.84,21.69,7.36,4.05,-1.60
377014,215021.12,10.45,-6.32,2.22,75.21,121.08,42.72,5.61,6.09,-2.19
382400,161573.65,-6.82,-1.41,-0.06,123.84,-176.20,26.67,6.97,4.07,-1.54
382518,167906.57,-5.54,11.15,-7.03,-111.17,-68.47,3.27,5.36,6.01,-2.20
383950,77088.90,5.59,-9.07,-2.36,139.27,84.47,40.72,5.69,5.99,-1.57
386451,163712.15,14.49,14.82,-0.37,-67.62,72.09,-53.75,5.05,4.15,-2.22
388965,104939.89,30.96,-42.46,77.75,27.20,63.85,-65.07,4.68,4.13,-2.46
392093,93160.87,5.53,-6.80,-0.13,308.63,71.70,105.61,6.36,6.08,-1.48
394727,214396.50,7.86,-3.42,1.91,93.01,192.72,-25.91,6.14,5.93,-1.87
399296,130701.90,-9.61,12.17,-2.60,-102.32,-40.73,-29.14,5.34,5.93,-2.15
400961,111293.89,4.76,4.77,-0.56,-153.25,149.83,15.98,6.57,6.02,-1.57
401883,168814.33,-4.92,8.56,-5.58,-94.61,-86.93,25.74,5.51,6.04,-2.23
405347,112372.43,1.25,6.34,1.87,-135.83,76.64,-44.10,6.16,6.06,-1.45
409181,141943.29,-2.48,4.67,0.15,-241.09,-66.34,1.19,8.45,4.07,-1.47
414198,134162.36,8.60,-6.73,5.69,48.77,148.04,28.45,5.52,6.10,-2.10
415056,75099.40,3.54,-6.21,-0.88,161.26,115.46,-19.17,7.59,4.03,-1.49
417027,164590.05,-5.09,6.78,0.56,-179.73,-121.30,4.78,7.66,4.03,-1.51
420920,137380.03,-2.98,-1.54,-0.77,156.47,-189.27,-25.46,7.02,5.67,-1.38
420960,212629.41,-127.18,196.54,-97.90,24.21,-24.65,12.97,2.49,5.02,-2.75
421072,213240.62,24.91,-26.12,67.70,60.24,45.68,-69.32,4.60,5.05,-2.42
421499,215018.25,-0.10,10.13,3.78,-136.63,38.62,-45.49,5.75,5.96,-2.08
455319,119083.72,-1.33,-3.75,0.57,182.79,-113.67,21.42,7.57,4.05,-1.36
459527,156825.59,4.56,-4.69,1.10,226.03,161.15,13.56,6.66,6.04,-1.46
459785,226387.87,24.07,-17.57,41.72,6.51,84.40,-141.03,5.30,4.00,-2.47
463178,115206.66,4.74,-7.19,-0.63,207.88,81.38,-13.90,7.50,4.02,-1.48
463188,174368.58,27.91,-43.89,89.59,35.05,49.59,-58.93,4.64,4.63,-2.45
472439,242377.55,-3.94,-3.60,-0.31,202.47,-177.08,-74.73,7.37,4.05,-1.40
474142,227802.58,-0.22,12.98,0.46,-133.73,22.88,-4.71,5.59,5.73,-2.10
474372,103167.44,-5.85,0.32,-0.14,-3.91,-250.61,12.78,7.64,4.05,-1.49
478409,173650.44,-7.76,-3.73,-1.93,39.51,-125.73,27.47,5.98,5.95,-1.74
480465,79044.79,-6.93,4.70,4.07,-152.43,-42.01,12.01,5.70,6.20,-1.47
480594,145940.17,-9.15,-1.75,-1.08,8.36,-136.46,18.63,5.86,5.92,-1.53
485409,137105.39,-7.03,-1.90,-0.30,97.49,-164.90,45.45,6.49,5.95,-1.48
489865,151102.14,-4.15,-2.28,0.84,83.60,-221.68,9.60,7.80,4.03,-1.46
490540,77946.43,1.01,8.26,0.44,-205.90,-28.88,-14.64,6.72,4.09,-1.56
491648,128520.95,-6.44,1.62,0.16,-33.96,-188.08,-37.34,7.44,4.88,-1.48
491960,164372.20,-9.33,4.17,1.36,-3.41,-109.86,-21.65,6.09,5.80,-1.92
494630,127531.09,6.40,-1.66,-0.33,25.75,256.54,-22.21,7.83,4.01,-1.50
497768,184639.66,30.47,-42.23,77.03,35.03,63.59,-62.91,4.78,4.11,-2.43
498248,107376.92,0.35,-6.28,0.65,251.57,82.67,-46.47,7.83,4.00,-1.54
499685,169337.45,-6.38,3.40,0.54,-141.82,-208.90,-47.89,8.03,4.06,-1.51
502391,217356.48,3.75,11.64,-6.08,-113.97,8.49,32.72,5.36,5.91,-2.34
503851,213299.98,25.20,-49.12,85.56,36.99,55.49,-43.53,4.13,4.64,-2.34
507559,216523.43,-3.82,-3.84,0.35,202.52,-169.36,16.26,8.04,4.00,-1.59
509798,62643.49,7.62,-2.27,4.46,-8.79,177.61,4.79,5.75,6.17,-1.91
511080,212697.19,0.39,-8.79,-6.51,97.88,8.83,37.32,5.53,6.04,-1.95
513228,84860.21,-8.26,0.55,-2.56,-32.74,-114.46,18.87,6.02,5.76,-1.56
517722,139404.17,4.65,2.09,0.07,-190.03,226.40,14.41,8.38,5.13,-1.49
548419,75955.01,8.11,-0.93,-0.01,21.33,191.51,44.00,6.60,6.13,-1.63
554471,89892.66,-3.95,-8.11,1.93,181.54,-85.37,-6.01,5.76,6.31,-1.52
555076,162456.20,1.13,15.68,0.26,-126.76,48.80,-7.37,5.39,5.74,-2.08
557487,163017.25,-10.50,5.45,-5.66,-20.56,-69.03,30.21,5.37,5.97,-2.07
557723,153971.12,-7.99,0.94,0.05,2.29,-183.86,-43.70,7.34,4.05,-1.49
558499,186121.29,-6.80,3.78,-0.14,-85.56,-178.19,21.59,7.83,4.01,-1.49
559150,126653.08,5.08,-5.50,-2.59,163.59,109.40,21.51,6.78,4.07,-1.47
564771,180760.68,-0.90,5.11,1.28,-202.44,28.36,12.83,6.72,6.01,-1.46
564907,141872.40,-11.15,-3.26,-3.15,16.80,-120.30,13.48,5.47,6.10,-2.08
566371,210885.07,12.74,-7.04,-1.81,51.16,110.12,-3.95,5.29,6.03,-2.15
567366,180514.86,-2.28,-9.99,-2.94,134.77,-5.34,16.21,5.64,6.07,-2.03
570312,213683.86,-6.59,-0.88,-6.68,18.24,-106.47,34.13,5.53,6.17,-2.10
570342,224334.54,-5.43,-1.34,-0.34,64.32,-214.69,-20.17,7.68,4.03,-1.52
572980,152311.55,-1.54,-4.82,1.08,232.97,-15.18,65.20,6.58,6.35,-1.42
574081,79318.90,3.08,-5.18,0.19,225.09,155.96,13.14,7.91,4.43,-1.49
575874,103685.58,5.94,0.77,-1.77,24.71,230.29,-5.87,6.62,4.11,-1.45
575890,118328.21,6.03,-1.45,-0.35,61.55,235.85,7.12,8.70,3.97,-1.46
576484,96252.70,-2.55,9.12,-0.02,-195.72,-6.28,37.36,6.07,6.05,-1.50
576537,152030.38,3.72,3.62,1.96,-148.56,120.98,-20.18,6.20,6.23,-1.64
577898,216054.05,-2.83,-5.77,0.58,200.24,-77.68,-40.24,7.68,4.03,-1.59
578689,222064.24,20.70,-35.12,88.37,55.74,35.69,-30.99,4.42,5.40,-2.39
579914,120993.94,23.40,-50.21,91.89,24.13,47.21,-58.70,4.79,4.10,-2.55
581848,68483.80,0.85,6.53,0.05,-238.70,5.96,12.81,7.39,4.05,-1.56
582747,219899.57,29.54,-24.84,51.62,-1.55,67.13,-118.23,4.76,4.16,-2.40
583545,212084.13,-172.52,148.51,101.00,100.47,-63.27,-61.62,2.68,4.69,-5.15
587718,154685.39,-5.11,6.59,0.17,-215.37,-119.70,4.80,7.42,4.03,-1.59
589699,118440.69,-6.48,4.38,1.51,-68.09,-164.47,-26.64,6.85,4.09,-1.48
593515,222082.85,7.82,-3.61,7.02,9.86,132.48,20.74,5.39,6.10,-2.00
593820,229725.67,9.99,-14.13,-0.52,67.49,89.51,39.21,5.24,5.99,-2.22
597214,121034.99,-7.90,8.65,0.87,-92.64,-73.12,-1.11,5.69,5.78,-1.71
597792,92095.65,-2.38,-1.56,-0.07,158.55,-206.00,-53.94,8.43,4.02,-1.38
604691,85438.04,1.33,8.88,2.27,-161.60,29.29,-49.52,6.03,5.68,-1.53
605063,141738.59,4.31,2.91,0.48,-145.01,186.85,30.81,6.84,6.21,-1.45
605766,182097.92,-9.74,-5.42,1.57,112.51,-92.94,15.70,5.57,6.24,-1.79
605775,65796.46,1.11,7.17,-1.60,-154.91,105.95,62.24,6.05,5.91,-1.45
605799,153273.62,-3.28,-8.32,1.88,140.77,-52.12,-3.61,5.83,5.97,-1.74
606400,213511.26,-0.97,12.55,-3.75,-106.62,-21.97,35.62,5.34,6.03,-2.26
606673,213183.18,-2.28,13.89,-5.97,-110.13,0.43,14.65,5.31,5.97,-2.23
609631,213199.28,-6.82,-6.74,-3.21,92.98,-91.06,30.90,5.70,6.08,-2.04
612473,213119.31,7.86,12.01,-8.15,-119.45,43.54,2.71,5.14,5.95,-2.32
612781,130550.13,5.51,-6.74,-0.94,171.91,153.15,14.20,7.64,4.01,-1.55
615428,213218.50,-0.84,11.38,0.22,-118.20,11.08,-24.70,5.87,5.66,-1.98
615742,213325.24,-5.44,7.66,2.38,-142.27,-51.92,7.99,6.39,5.75,-1.84
653969,191153.31,-6.70,-10.63,-1.44,112.21,-43.98,47.19,5.54,6.05,-2.11
659030,137287.45,-0.97,6.13,0.14,-262.72,-29.71,-1.91,8.41,4.88,-1.52
661881,97013.11,5.16,8.00,-3.22,-124.06,55.92,42.32,5.74,6.03,-1.71
666548,220261.02,6.92,-13.53,-1.36,120.84,58.74,37.90,5.32,6.13,-2.28
669613,148315.41,-3.85,2.77,0.61,-139.08,-180.30,77.35,7.22,5.43,-1.42
671616,285639.97,-4.31,-26.58,-6.78,80.12,37.64,15.90,4.93,5.51,-2.21
674278,76023.44,9.49,5.38,-0.88,-55.34,164.87,-8.87,5.61,6.31,-1.58
678293,153293.25,12.39,-2.69,11.41,-56.33,104.78,-240.28,6.14,4.04,-2.43
678667,183411.58,-3.41,5.02,-0.82,-156.11,-108.71,5.07,7.61,4.03,-1.46
679078,216617.60,-18.46,-29.79,-10.67,73.51,11.20,16.37,4.72,5.47,-2.24
681337,66556.49,-2.53,-3.86,-0.08,224.80,-85.40,22.10,7.81,5.22,-1.47
686659,93041.02,-0.49,8.09,0.07,-204.03,-73.04,25.73,7.77,4.02,-1.59
688882,83769.78,-2.77,-8.31,-0.14,213.02,-50.68,20.46,6.25,5.76,-1.71
690095,93371.70,6.43,0.16,-1.95,16.10,248.74,14.85,7.57,4.03,-1.47
693171,196721.31,1.07,7.16,1.73,-154.53,96.53,-2.09,6.17,5.94,-1.45
697134,182563.45,10.89,6.74,-3.40,-74.12,113.41,-11.40,5.41,6.08,-2.32
698963,110404.92,15.30,-47.43,104.35,55.63,35.84,-5.68,4.66,4.16,-2.38
698972,121739.69,5.02,-6.94,-0.62,202.25,95.89,-39.57,6.88,5.92,-1.45
700723,214668.07,1.45,-4.83,-0.77,269.32,47.66,-24.78,7.41,4.11,-1.46
700932,69851.97,3.33,-10.19,1.97,119.78,85.16,8.36,5.64,5.93,-1.82
701518,125624.23,-6.94,5.54,0.89,-71.64,-137.33,-5.29,6.16,6.13,-1.49
744828,117698.21,-0.40,-7.00,-0.42,234.61,22.27,18.07,7.92,3.99,-1.55
747278,212979.12,-0.86,11.65,-4.77,-104.38,-18.72,34.91,5.34,5.98,-2.25
750800,199424.43,4.47,-1.47,-0.72,44.44,248.24,43.21,7.74,4.04,-1.45
754231,106789.80,3.52,4.38,-1.88,-156.37,92.11,-52.58,6.13,6.06,-1.40
756090,62528.72,2.64,10.17,-2.42,-136.69,18.03,-8.49,5.56,5.88,-1.82
756243,151272.29,-3.43,-5.26,-3.24,86.53,-77.42,3.10,5.91,6.16,-1.80
758775,194374.20,-9.53,1.63,0.42,1.96,-142.83,-4.72,6.03,5.64,-1.97
759497,61463.01,-6.86,2.39,-2.15,12.60,-194.05,-13.43,6.07,5.94,-1.76
759555,141584.79,2.38,-4.74,-0.71,210.24,110.41,20.46,7.52,4.04,-1.45
760427,106037.82,5.81,-4.60,1.32,153.78,212.29,-3.62,7.29,4.06,-1.42
761022,212787.48,-5.35,7.27,-4.18,-105.61,-71.34,-3.42,5.69,6.01,-2.02
765091,87312.01,-6.17,-6.36,-3.33,67.68,-70.01,49.52,5.71,6.13,-1.87
769115,136362.27,4.64,4.97,1.93,-204.54,96.81,-35.39,6.13,5.92,-1.64
772717,136758.69,-4.13,-3.98,-0.58,184.09,-136.12,-93.12,7.09,5.86,-1.40
773538,140166.07,-2.17,4.41,0.43,-248.87,-116.02,-35.66,8.10,4.02,-1.51
773806,215532.83,15.68,4.19,-4.11,-45.26,117.96,-14.11,5.17,5.86,-2.29
778451,94379.64,10.11,-5.34,-1.26,69.48,94.00,10.22,5.65,5.99,-1.62
779149,157497.73,9.78,5.79,-3.53,-65.43,96.16,-18.91,5.51,6.09,-2.24
779606,122024.07,-5.32,5.06,0.99,-174.72,-161.71,2.80,7.27,4.04,-1.51
780960,79699.23,-3.65,3.87,-0.67,-75.24,-87.47,-117.09,6.40,5.85,-1.41
781724,95134.57,5.38,-11.03,-3.17,124.60,73.45,-16.76,5.58,5.99,-1.55
786348,172289.96,0.35,6.38,-0.74,-196.02,16.65,13.87,7.01,4.08,-1.48
793162,212304.51,-216.89,-23.32,-130.27,26.56,4.00,13.28,2.41,4.97,-2.53
796430,72035.62,-5.64,3.19,-3.95,-39.15,-117.69,1.44,5.83,6.17,-1.72
797048,127589.83,25.85,-28.77,78.44,46.15,46.72,-61.34,5.57,3.99,-2.58
797359,96931.74,3.47,9.31,-3.19,-143.62,45.51,7.46,5.52,6.06,-1.73
797487,133324.86,-1.83,-5.26,-0.20,230.98,-39.54,-7.65,6.84,5.85,-1.55
800564,69325.21,5.95,-4.90,-1.44,184.20,154.36,-50.37,7.15,4.86,-1.50
803057,162551.62,-7.09,3.76,0.81,-54.74,-165.56,-8.78,6.97,4.08,-1.49
805131,231875.45,2.80,2.90,0.04,-212.12,183.25,1.87,7.92,4.04,-1.45
805355,213651.73,-8.86,-0.78,0.52,75.70,-162.22,42.52,6.23,5.69,-2.08
806598,217756.97,17.50,-60.32,109.06,37.41,38.94,-7.84,4.13,5.06,-2.41
806805,121906.24,6.07,-1.53,-0.33,78.13,237.22,0.15,8.48,3.98,-1.45
808428,117363.88,-0.79,-6.99,0.42,227.06,-27.52,-6.79,7.65,3.99,-1.53
815097,212088.89,4.36,-35.84,79.62,77.73,70.30,-44.44,5.59,3.96,-3.00
847415,212397.44,2.08,-34.97,79.44,58.21,88.53,-29.10,4.47,5.39,-2.58
850199,124907.94,-1.16,6.59,1.74,-195.93,-27.96,8.01,7.37,4.06,-1.46
857700,189030.83,-13.60,0.57,-2.34,22.66,-108.80,32.06,5.32,6.07,-1.92
857881,195091.69,-2.60,8.89,1.10,-142.36,-33.30,-24.96,6.21,6.16,-1.48
858923,191491.11,25.09,-42.89,86.17,27.60,71.53,-46.82,4.35,5.46,-2.48
859471,115509.93,-3.71,5.92,-1.03,-251.97,-82.04,-33.47,6.84,5.72,-1.52
859824,212953.35,11.06,-7.50,0.78,96.82,113.97,32.30,5.50,6.11,-2.20
862653,94294.22,-0.00,6.61,0.05,-237.60,-38.62,-13.65,8.06,4.01,-1.52
863908,104067.41,-5.33,9.63,2.20,-115.39,-51.24,5.36,6.11,4.11,-1.79
868714,135456.07,2.79,-0.44,-0.11,6.25,218.56,9.80,7.59,6.39,-1.27
871907,95344.35,1.89,8.06,-4.40,-135.62,19.97,33.17,5.65,5.89,-1.71
872580,154571.13,4.89,-6.56,0.89,190.50,157.66,-27.54,7.69,4.02,-1.56
872910,198481.05,0.08,5.90,-1.57,-127.62,31.46,-62.20,6.26,6.30,-1.41
881640,143049.02,4.61,2.03,0.24,-148.55,246.74,42.71,8.46,4.38,-1.46
886392,156474.11,6.67,7.06,2.18,-89.34,82.79,-40.33,5.67,6.02,-2.15
888831,123736.02,27.22,-39.33,82.54,51.34,43.71,-68.95,4.89,4.09,-2.54
890128,134100.42,-9.35,0.11,-1.87,-8.18,-101.03,21.89,6.00,6.01,-1.52
891133,222243.42,-9.89,-76.15,142.27,-12.30,-1.24,-20.29,3.28,4.51,-2.46
892569,85974.49,8.47,-5.44,-0.42,157.44,125.20,-5.76,6.02,6.01,-1.69
893201,111719.18,30.36,-41.51,77.37,32.88,56.96,-68.28,4.77,4.11,-2.50
895449,223410.77,17.90,-54.79,107.66,39.39,43.65,-22.55,5.06,4.05,-2.42
899625,103605.85,4.57,-3.57,1.58,169.40,143.92,8.26,6.49,4.12,-1.47
899663,195804.20,-5.23,4.21,1.34,-228.28,-152.20,77.20,6.76,5.92,-1.51
901948,129528.34,6.98,3.46,-2.41,-36.84,150.85,-40.74,6.19,5.91,-1.49
902268,213056.99,-3.50,-9.27,1.51,163.60,-29.80,0.96,5.86,5.97,-1.80
902863,213152.72,13.02,5.44,0.35,-39.13,131.71,12.63,5.32,5.92,-2.27
903178,213279.63,-7.41,10.60,-3.18,-115.60,-42.80,19.23,5.47,6.04,-2.28
946576,99291.34,6.55,4.56,2.64,-60.75,185.49,-24.84,5.74,6.09,-1.61
947358,158483.76,22.86,-31.39,82.52,57.51,57.86,-37.77,4.75,5.37,-2.50
952760,213602.06,2.95,3.90,-6.07,-38.10,57.25,29.42,5.43,6.23,-1.94
953949,150495.09,4.01,-10.96,-0.96,124.37,52.99,7.30,5.73,5.51,-1.58
956026,98984.43,7.00,1.93,-2.58,-31.91,152.42,-43.45,6.05,6.29,-1.45
960010,99440.89,-1.00,-5.59,3.22,177.39,-22.45,60.52,5.86,6.32,-1.46
960657,106725.61,2.54,-1.96,0.61,99.70,159.88,-39.13,6.78,5.73,-1.41
961826,116090.13,1.43,5.41,0.67,-230.15,120.28,-6.29,7.32,4.06,-1.47
965768,114045.45,29.59,-38.39,82.69,41.25,46.32,-57.12,4.54,4.24,-2.58
965948,213684.72,-5.47,-7.35,-4.63,100.79,-65.11,40.37,5.51,6.11,-2.02
966034,198677.54,18.50,-17.51,64.07,16.95,65.37,-94.68,4.90,4.12,-2.52
966703,69879.87,3.11,5.06,1.32,-205.68,102.78,-34.37,6.35,6.31,-1.54
967858,219658.64,-18.62,-29.38,-9.86,72.28,1.17,22.58,4.71,5.52,-2.24
970310,112086.88,1.87,0.46,0.13,-109.60,217.33,-12.20,8.38,4.01,-1.33
971286,113142.86,-1.86,3.63,0.22,-158.78,-202.62,43.21,6.79,6.71,-1.42
991371,92346.59,3.55,-10.63,3.30,121.88,78.39,-7.32,5.62,6.01,-1.83
993016,212735.24,24.35,-33.24,68.65,19.06,55.45,-80.79,4.82,4.11,-2.52
993168,155768.08,2.71,-3.10,-0.44,253.30,143.08,-7.92,7.67,5.52,-1.40
993767,212178.39,31.91,-37.85,76.49,28.42,50.04,-59.86,4.96,4.07,-2.53
995819,93699.60,2.38,9.17,3.82,-129.47,99.94,-26.97,5.65,5.97,-1.70
1001512,212879.66,6.80,-42.81,80.07,88.16,53.50,-5.03,4.36,5.24,-2.43
1004768,212349.27,25.92,-44.01,96.50,29.37,38.51,-59.84,4.96,4.07,-2.62
1005431,212087.95,18.01,-32.26,90.58,58.40,54.33,-41.92,5.21,4.01,-2.89
1005876,212087.65,18.16,-35.20,92.32,53.52,46.53,-51.32,4.62,4.15,-2.82
1005882,212096.49,10.53,-37.23,78.90,91.25,69.00,-28.89,5.18,4.02,-2.96
1042875,217444.38,-1.05,-6.46,-1.76,201.27,-60.46,-24.65,6.46,4.08,-1.62
1043088,195590.85,-4.32,7.14,-4.66,-129.01,-67.43,25.61,5.75,6.05,-1.91
1050836,158880.10,-10.22,9.35,-0.92,-74.81,-74.27,12.18,5.49,5.92,-1.95
1052787,99772.28,-1.78,4.43,2.50,-151.05,-35.94,3.07,6.25,6.37,-1.41
1053396,115698.65,-4.72,-2.83,0.39,145.48,-190.72,-19.53,7.55,4.03,-1.48
1056371,122025.08,-2.85,7.53,1.22,-189.57,-60.33,12.75,7.55,4.02,-1.55
1058819,218922.91,6.47,-5.72,0.73,161.34,139.54,21.99,7.42,4.03,-1.54
1060060,174114.76,1.05,8.25,0.04,-213.26,-17.23,-8.74,7.01,4.02,-1.54
1060152,83003.06,1.22,11.83,3.34,-136.09,72.99,3.19,5.61,5.83,-1.61
1060355,158497.63,6.26,-0.90,4.74,-1.54,179.35,-36.02,5.74,6.20,-1.86
1060445,123106.27,5.98,-2.88,0.43,205.34,234.85,-21.47,7.21,5.85,-1.44
1062817,81648.55,5.73,6.86,-1.54,-164.08,150.82,-3.22,6.37,6.03,-1.57
1063499,86760.42,-0.70,-3.90,-0.13,220.69,-34.93,9.49,7.87,5.11,-1.38
1064585,179947.97,6.99,-3.72,-0.30,124.78,197.02,15.90,8.01,4.01,-1.49
1068232,212942.49,-4.04,13.34,-4.19,-122.21,-26.38,36.24,5.40,5.95,-2.27
1070455,263511.31,5.60,-0.33,0.86,21.62,274.99,37.80,7.05,4.07,-1.42
1071666,97891.53,-5.66,-2.92,-0.77,30.08,-168.17,48.65,6.38,6.56,-1.45
1072200,168581.94,3.58,6.78,-2.21,-117.35,47.07,9.28,6.06,5.85,-1.51
1072478,213708.98,-6.54,8.76,2.19,-158.00,-72.24,1.97,6.05,5.20,-1.97
1075032,231577.88,-5.83,8.17,-4.25,-111.21,-72.57,10.91,5.64,6.01,-2.19
1076917,215405.72,-5.95,6.46,-1.21,-152.21,-113.44,-20.67,6.89,4.09,-1.57
1076954,213571.14,24.22,-38.63,96.45,34.95,48.83,-49.44,5.47,3.99,-2.59
1078537,232067.41,28.48,-40.42,82.67,38.57,44.25,-59.95,4.50,5.43,-2.42
1079060,153614.60,-0.13,6.63,-0.08,-231.80,-19.20,13.98,7.85,4.02,-1.58
1081136,140962.65,-5.23,5.18,0.45,-149.32,-129.41,-22.28,7.38,5.73,-1.50
1084179,73392.23,4.51,-5.96,-1.42,214.56,164.58,18.53,7.47,4.04,-1.65
1084905,151800.39,-2.91,8.98,-1.93,-136.45,-45.66,-7.54,6.73,4.05,-1.52
1085135,152658.53,0.15,-4.42,0.42,213.69,-31.72,9.14,7.47,5.65,-1.37
1085486,215205.72,1.30,-8.46,5.78,109.45,61.40,3.97,5.49,6.16,-1.72
1089920,84152.42,-11.02,6.26,-0.87,-75.53,-72.68,4.57,5.55,6.22,-1.61
1090188,212891.71,7.11,-1.85,2.76,-7.54,185.85,-5.97,6.18,5.99,-2.01
1090706,230025.30,13.12,-45.39,94.80,58.34,27.30,-13.88,3.95,4.42,-2.40
1090789,212117.87,23.84,-37.95,95.33,42.08,50.08,-48.84,5.31,4.00,-2.75
1092552,89480.80,4.07,-5.53,1.18,169.55,132.26,-8.59,7.13,4.01,-1.52
1092864,95948.04,4.15,1.80,0.88,-161.75,200.65,-17.67,6.71,6.02,-1.45
1094680,212195.13,18.76,-34.13,82.26,68.24,62.61,-30.49,4.96,4.06,-2.77
1094885,216493.50,26.76,-47.50,103.51,37.03,36.03,-35.59,5.22,4.01,-2.70
1094938,223885.39,23.42,-49.38,88.70,37.97,49.77,-47.57,4.57,4.18,-2.46
1094984,212388.04,26.51,-50.19,104.63,35.87,35.48,-28.34,4.87,4.07,-2.69
1095032,212118.18,28.18,-29.60,76.90,35.29,61.29,-76.54,5.18,4.02,-2.84
1095069,212115.63,14.39,-54.26,114.04,30.11,15.18,-25.20,4.75,4.11,-2.65
1095071,212147.83,30.00,-30.14,70.49,36.49,69.33,-74.84,4.66,4.86,-2.58
1097985,212941.15,10.46,-1.67,3.93,29.22,149.57,25.63,5.56,6.05,-2.22
1099103,212101.47,9.17,-27.34,71.64,84.68,65.46,-42.83,5.10,4.05,-2.98
1099173,212094.16,0.61,-31.64,77.12,79.61,61.34,-27.93,4.78,4.13,-2.87
1099324,212086.74,18.37,-33.99,89.83,55.91,42.70,-46.50,4.99,4.06,-2.94
1099332,153480.31,22.33,-52.02,104.97,38.48,38.43,-38.13,5.04,4.04,-2.56
1099344,216387.24,31.73,-38.05,68.54,21.65,62.38,-85.23,5.03,4.05,-2.49
1099405,224180.01,15.16,-54.39,113.76,35.78,35.45,-19.18,4.81,4.09,-2.51
1101584,212084.13,13.12,29.54,83.92,-129.95,-62.00,-60.25,4.97,4.10,-3.43
1101599,212084.13,6.76,24.03,74.06,-146.66,-74.83,-112.23,4.46,4.41,-3.38
1101765,212830.78,-11.12,9.53,-3.55,-53.39,-77.04,4.80,5.42,5.98,-2.09
1101927,212924.62,-5.40,-13.32,-3.03,97.57,-24.91,47.66,5.33,6.07,-2.16
1103226,214281.80,21.19,-52.45,115.39,36.71,3.09,-22.60,4.73,4.11,-2.61
1103300,219399.06,6.16,-3.60,1.46,108.35,214.13,-30.60,7.00,4.06,-1.54
1103943,212084.13,178.75,165.94,17.09,-116.19,-81.29,2.55,2.55,4.74,-5.44
1105428,212084.13,21.11,44.74,101.82,-131.52,-54.28,-1.15,4.48,4.21,-3.32
1105874,212084.13,49.97,51.31,119.92,-203.15,-7.89,-4.86,3.99,4.98,-3.56
1105880,212084.45,219.66,81.46,83.94,-130.12,-12.36,36.14,2.91,4.93,-5.47
1106156,212084.13,192.27,163.38,3.06,-109.03,-79.20,26.95,2.47,4.75,-4.41
1106970,212110.02,-52.51,-49.15,17.17,8.89,-12.42,60.86,4.06,4.37,-2.62
1107333,212084.13,181.12,168.94,33.72,-115.20,-72.67,6.70,2.59,4.76,-5.35
1115839,212084.13,45.05,-71.64,155.47,-92.05,114.15,115.42,4.70,4.18,-3.53
1133422,111549.46,-1.10,-6.81,0.58,244.82,-0.33,-5.00,7.77,3.96,-1.52
1133854,212874.88,0.20,-17.30,-2.46,94.75,26.91,45.01,5.21,5.99,-2.25
1141487,167814.79,-5.35,-12.18,3.27,107.76,-3.90,18.24,5.46,5.99,-2.14
1142738,212675.48,20.12,-51.46,109.77,37.81,34.23,-28.41,5.45,3.98,-2.49
1167064,214881.79,25.66,-32.27,84.29,39.76,62.40,-70.61,5.39,4.00,-2.45
1167226,215506.33,31.22,-37.80,74.18,46.23,46.02,-71.93,4.43,5.19,-2.44
1167559,162148.86,-5.42,7.25,2.02,-153.36,-119.93,5.05,6.28,5.73,-1.49
1168101,212093.77,8.60,-35.65,77.19,87.00,51.72,-35.12,4.99,4.07,-2.96
1172626,212668.48,25.61,-24.74,66.56,36.96,57.47,-90.51,5.00,4.07,-2.52
1172647,213997.27,29.08,-30.42,83.32,39.02,39.03,-55.14,5.13,4.04,-2.54
1173994,61696.44,-7.61,1.44,-0.66,51.47,-160.26,19.36,7.12,4.06,-1.83
1175589,200612.42,-6.53,7.24,0.20,-114.64,-117.34,2.43,6.23,6.09,-1.69
1176609,214001.84,0.38,-33.09,76.47,82.65,61.77,-12.14,4.76,4.12,-2.90
1176614,173817.13,17.85,-53.07,108.88,25.87,33.12,-24.50,5.10,4.03,-2.58
1176816,213517.01,15.41,-38.65,85.41,89.05,42.87,-25.07,4.25,5.20,-2.74
1178866,106637.44,-4.14,-4.22,-0.23,224.26,-116.06,-28.93,7.56,4.05,-1.49
1179986,213122.02,4.02,13.47,4.74,-78.44,87.02,-14.33,5.42,5.73,-2.03
1180656,165991.41,-5.61,0.21,0.31,23.83,-208.05,34.15,8.33,4.02,-1.52
1181079,212102.42,7.80,-27.71,80.80,66.29,59.85,-47.91,5.08,4.05,-2.95
1181150,215287.14,26.27,-36.65,74.31,33.65,66.02,-67.57,5.42,3.99,-2.49
1181195,222108.01,25.18,-23.07,66.98,30.93,45.87,-79.35,5.32,4.00,-2.51
1185358,212103.44,26.46,-40.10,89.31,36.45,24.51,-54.31,4.96,4.09,-2.62
1185564,212174.55,24.92,-22.14,61.65,24.90,47.65,-97.52,4.56,4.74,-2.60
1185650,223455.40,14.87,-91.32,139.10,27.75,-14.84,2.03,3.51,4.74,-2.43
1185667,214033.56,23.22,-21.33,53.51,48.10,81.46,-110.47,5.55,3.99,-2.84
1185675,155761.45,34.27,-35.23,72.69,21.79,30.28,-57.65,4.45,4.28,-2.55
1185711,216062.63,25.61,-14.21,22.90,-33.14,100.81,-135.70,4.83,4.22,-2.61
1185716,218610.29,19.44,-51.91,116.70,32.32,35.77,-32.52,4.80,4.10,-2.67
1185796,212170.66,20.38,-9.72,4.82,7.72,108.49,-53.16,5.03,4.12,-2.42
1185834,152883.00,27.92,-24.05,50.41,-2.77,46.89,-128.21,4.85,4.13,-2.46
1185872,215139.29,31.57,-36.54,68.20,22.21,68.54,-75.88,5.29,4.01,-2.48
1185899,226694.30,0.89,-57.70,106.41,33.30,11.10,-34.29,4.26,4.22,-2.36
1185929,212124.47,12.61,-27.33,52.64,68.10,36.38,-73.11,4.48,4.27,-2.57
1188929,195351.61,1.09,3.54,-0.69,-227.92,83.34,22.31,7.06,5.69,-1.33
1189725,212204.45,25.37,-44.73,97.83,40.15,43.65,-44.09,5.15,4.03,-2.59
1189833,213168.72,28.45,-49.71,108.65,31.12,23.42,-23.77,4.27,4.21,-2.74
1189849,150148.48,28.99,-52.04,105.98,28.07,-3.59,-29.27,4.18,4.26,-2.74
1189922,222476.95,26.33,-35.15,76.12,43.45,78.23,-61.23,5.39,3.99,-2.48
1189982,212089.89,20.96,-22.97,60.69,38.27,60.27,-78.57,5.06,4.05,-2.76
1190145,92739.14,29.91,-33.27,81.85,49.93,45.94,-70.75,4.96,4.09,-2.53
1190193,214225.18,21.46,-51.24,106.99,41.01,34.53,-31.47,5.39,3.99,-2.60
1190200,212108.46,24.75,-20.73,54.31,42.75,72.50,-107.18,5.86,3.92,-2.85
1190296,215584.79,17.75,-49.09,110.52,34.91,42.86,-26.96,4.92,4.07,-2.58
1190301,215075.63,25.42,-23.92,63.68,21.26,51.94,-105.86,4.83,4.12,-2.50
1190315,217401.13,7.58,-80.91,140.36,46.17,13.14,28.30,3.88,4.87,-2.41
1190344,213617.96,25.51,-44.98,84.50,15.18,59.70,-54.26,4.60,4.16,-2.52
1190346,223785.07,3.90,-91.16,138.10,46.90,10.86,16.96,3.51,4.90,-2.44
1192246,161991.63,29.64,49.69,96.74,-110.16,-52.61,-2.87,4.24,4.84,-2.93
1192309,212096.02,11.28,23.41,77.84,-155.06,-64.33,-78.27,4.25,5.07,-3.36
1192522,212105.18,185.53,78.11,150.35,-137.05,-18.27,-0.28,2.69,4.74,-3.22
1192680,212084.17,20.14,34.04,92.22,-89.54,-73.38,-53.64,4.82,4.13,-3.40
1192906,218046.43,-5.92,5.94,-0.55,-171.37,-140.20,-1.65,7.75,4.01,-1.53
1193750,171695.67,1.39,-5.52,0.10,277.50,40.90,-21.09,8.06,4.01,-1.45
1193776,168280.99,4.28,-4.25,-0.96,203.12,172.95,-9.87,7.60,4.01,-1.47
1193826,217685.64,22.36,-52.68,89.97,28.25,56.99,-17.78,4.14,4.34,-2.35
1194130,212098.37,4.32,-37.26,79.63,77.22,71.80,-28.98,5.53,3.97,-2.99
1194144,215738.56,25.27,-34.04,69.09,54.86,76.85,-68.24,4.86,4.10,-2.46
1194167,212140.32,-28.12,-32.85,42.48,80.99,2.88,45.56,4.44,4.23,-2.69
1194277,212088.34,4.35,-39.49,79.45,77.67,73.58,-36.43,4.97,4.06,-3.06
1194430,213194.07,17.29,-16.93,63.52,14.53,54.56,-99.92,5.17,4.04,-2.45
1194444,222418.31,18.35,-56.74,112.06,28.11,19.06,-20.17,4.75,4.11,-2.57
1194563,212118.60,29.21,-29.09,77.00,35.60,46.43,-72.89,4.95,4.09,-2.81
1196410,212085.09,45.80,46.41,114.00,-205.46,-16.00,-11.93,3.90,4.88,-3.39
1196448,212119.97,25.63,34.49,92.36,-153.65,-40.72,-40.05,4.21,4.92,-3.43
1196546,212084.16,20.00,50.96,117.34,-193.79,-40.06,-4.08,4.56,4.18,-3.17
1196547,216020.07,29.37,38.57,104.87,-115.83,-51.80,-13.20,4.21,4.33,-2.90
1196578,217568.72,1.82,14.78,68.71,-148.16,-58.85,-103.25,4.76,4.17,-3.26
1196650,212084.18,23.43,49.81,103.68,-162.59,-40.63,23.34,4.47,5.23,-3.03
1196742,212132.57,37.38,54.32,113.87,-188.51,-33.51,2.46,4.19,4.99,-3.02
1196784,214577.31,28.56,53.95,109.64,-201.00,-41.02,3.70,4.88,4.10,-2.95
1196821,213872.70,180.49,66.21,134.65,-145.11,-39.72,16.28,2.81,4.79,-3.39
1196875,215028.09,28.85,58.26,115.47,-187.91,-42.13,-14.52,4.43,4.22,-3.10
1196928,217713.47,15.38,26.00,78.29,-176.07,-68.50,-76.78,4.20,5.06,-2.97
1197005,212087.20,-11.83,-5.64,40.67,-72.93,-54.63,-154.98,5.34,4.02,-3.46
1197033,212114.91,68.05,47.38,128.69,-148.71,-15.48,-32.24,3.73,5.06,-3.10
1197035,216044.58,23.83,53.20,98.50,-133.11,-43.76,-23.67,4.76,4.12,-2.81
1198202,150782.70,29.84,-43.60,78.91,38.19,52.13,-58.38,4.65,4.15,-2.47
1198513,212100.64,25.04,-40.26,95.72,43.52,41.60,-46.72,5.41,3.98,-2.77
1198553,212084.13,181.30,154.71,44.37,-123.89,-73.25,1.82,2.58,4.63,-4.92
1199018,212084.13,183.08,168.54,17.53,-113.05,-70.86,0.56,2.56,4.71,-5.44
1200467,212090.72,18.45,37.41,93.26,-134.52,-59.07,-24.36,4.90,4.09,-3.35
1200855,222321.47,24.22,41.81,118.53,-116.57,-41.13,-45.30,3.79,4.93,-2.74
1201048,212084.38,22.88,52.01,107.95,-187.73,-72.10,-11.89,4.38,5.51,-2.85
1201143,214306.44,58.32,51.93,118.30,-189.57,-8.47,11.43,3.99,5.22,-3.15
1201231,212084.13,44.59,51.21,117.37,-204.45,-9.47,0.54,4.16,4.96,-3.67
1201268,212084.13,48.50,49.57,118.84,-190.89,-9.81,7.72,4.08,5.01,-3.93
1201297,212084.13,99.27,46.25,132.67,-169.54,-29.44,-20.76,3.54,4.95,-4.00
1201299,212092.21,38.95,51.84,114.63,-196.09,-15.69,0.12,4.15,5.07,-3.60
1201303,212084.14,43.87,50.40,115.93,-206.58,-24.80,5.89,4.18,5.12,-3.60
1201310,212084.67,208.98,68.56,113.74,-142.96,-25.65,52.09,3.49,4.64,-5.34
1201324,212084.14,38.81,51.19,116.42,-209.58,-15.89,-17.98,4.26,5.19,-3.79
1201979,212084.13,181.07,163.38,24.49,-119.31,-74.87,5.45,2.51,4.77,-5.81
1202085,212112.82,2.14,-56.93,80.57,68.86,44.61,15.34,4.04,4.31,-2.70
1203819,212095.15,16.35,31.94,87.39,-159.08,-93.88,-66.25,4.52,5.21,-3.32
1203844,212085.83,-3.91,17.22,74.25,-87.73,-20.05,-76.55,4.71,4.18,-3.16
1203885,212085.05,21.55,44.86,101.78,-130.42,-48.28,5.37,4.52,4.19,-3.26
1203990,220297.29,0.73,29.07,108.90,-136.03,-47.98,-27.02,4.62,5.73,-2.39
1204057,213749.75,26.93,63.39,109.66,-133.58,-51.26,6.74,4.10,4.35,-2.74
1204174,212086.78,29.39,49.85,96.45,-141.08,-39.15,-9.04,4.25,4.77,-2.96
1204273,212090.32,9.32,26.88,78.86,-103.69,-34.64,-74.75,4.43,4.19,-3.43
1204308,212084.14,7.03,25.86,76.43,-98.92,-40.94,-71.52,4.32,4.33,-3.31
1206845,212084.13,44.98,-71.46,155.43,-94.54,120.09,112.95,4.71,4.18,-3.55
1206850,212084.13,45.09,-71.60,155.57,-91.03,115.97,113.97,4.71,4.17,-3.53
1207022,212084.13,45.07,-71.54,155.63,-91.81,118.45,113.52,4.71,4.17,-3.54
1207033,212084.13,44.97,-71.61,155.43,-92.21,113.42,114.06,4.69,4.18,-3.53
1207034,212084.13,45.06,-71.61,155.52,-90.80,113.14,115.14,4.70,4.18,-3.53
1207070,212084.13,45.04,-71.60,155.59,-89.59,117.31,111.70,4.70,4.18,-3.53
1225688,145778.39,-2.75,-5.91,0.46,251.97,-93.12,18.39,7.23,5.47,-1.68
1225995,93944.60,3.36,-1.88,0.21,86.01,241.22,25.56,7.84,4.02,-1.39
1230630,104580.09,-1.81,-4.56,1.08,234.05,-76.42,-42.75,6.82,4.11,-1.46
1233440,61500.10,0.08,3.24,-2.41,-109.50,-7.93,46.72,5.96,6.23,-1.43
1238690,94970.10,3.21,6.38,-1.97,-222.12,108.09,-22.09,6.07,5.80,-1.57
1239069,91394.41,-10.72,-7.59,-0.13,75.68,-82.31,40.34,5.49,6.00,-2.07
1239323,69317.80,-2.04,4.17,0.58,-189.32,-77.57,-12.52,7.23,4.14,-1.40
1239588,203869.03,0.22,-9.68,0.03,171.82,51.35,42.30,6.18,4.63,-1.66
1240244,110657.26,-4.36,-3.61,-0.57,177.26,-157.07,-21.78,7.26,5.27,-1.50
1240886,213707.19,24.16,-33.07,79.04,44.74,73.33,-73.94,5.53,3.99,-2.52
1240976,212210.78,25.44,-33.00,71.74,47.59,28.56,-78.49,4.29,4.76,-2.59
1244928,188295.14,4.92,2.12,5.38,-65.19,144.64,-33.00,5.74,5.91,-1.65
1251501,188318.13,24.00,-27.20,69.05,26.94,71.19,-66.79,4.74,4.16,-2.48
1251562,106014.81,5.80,-6.98,-0.33,229.25,115.59,-4.39,6.89,4.09,-1.61
1251607,220873.49,23.11,-41.72,84.24,53.75,33.98,-41.92,4.19,5.45,-2.47
1252261,74316.72,-1.51,-4.11,4.57,126.34,16.11,-22.95,5.74,6.38,-1.53
1253985,221444.58,-0.82,6.65,0.10,-244.99,-14.10,6.10,7.97,4.03,-1.56
1254076,212100.39,12.49,-25.98,59.15,111.31,44.30,-79.45,4.62,4.20,-2.83
1258552,147759.51,6.63,0.48,-1.97,-29.00,203.26,10.03,7.12,4.10,-1.46
1259927,223897.74,18.51,-56.28,110.77,34.70,30.97,-21.40,4.99,4.06,-2.52
1260126,212176.07,27.40,-30.31,70.06,31.86,48.37,-76.81,4.75,4.12,-2.77
1260636,212133.05,1.96,-53.90,46.18,28.34,17.83,-22.85,4.15,4.30,-2.46
1263777,77991.69,3.05,3.18,1.15,-148.11,144.80,-62.08,6.32,6.21,-1.40
1268476,213053.33,-12.12,0.16,1.03,47.71,-114.34,-27.96,5.60,6.00,-1.96
1269165,218307.33,26.05,-46.75,109.11,40.94,38.08,-20.99,4.73,4.10,-2.61
1269215,213001.70,19.27,-32.02,90.96,49.49,48.12,-44.47,5.16,4.03,-2.97
1269421,213627.81,14.13,-55.94,109.24,35.31,41.86,-25.98,4.50,4.17,-2.49
1269699,218037.78,15.57,-89.00,139.11,28.04,-5.79,-33.69,3.53,5.07,-2.47
1270805,214032.72,-9.15,5.58,-0.81,-65.33,-106.58,19.70,5.85,5.96,-2.10
1272029,195670.83,-6.28,1.59,0.17,-27.69,-192.30,-12.20,7.78,4.98,-1.47
1272428,212101.40,27.68,-23.23,58.08,24.90,49.51,-91.21,5.23,4.02,-2.64
1272576,212196.22,15.93,-51.16,109.41,38.87,48.45,-21.69,4.56,4.14,-2.51
1272595,216222.08,19.79,-55.84,109.55,32.32,23.74,-24.83,4.99,4.05,-2.69
1272607,213998.76,19.11,-51.21,115.03,37.88,35.20,-18.94,4.93,4.06,-2.70
1272731,155096.92,21.58,-52.94,105.05,35.03,38.71,-36.56,4.89,4.07,-2.55
1272762,215051.48,27.88,-25.12,70.02,37.21,29.59,-86.14,4.78,4.12,-2.87
1272779,218532.15,-1.49,-92.52,137.88,36.46,2.17,-13.75,3.51,5.11,-2.42
1272835,213330.26,21.16,-3.76,-3.08,7.45,112.22,-40.15,5.03,5.75,-2.44
1272837,212109.87,11.56,-36.69,77.79,70.30,71.65,-36.39,5.14,4.03,-2.87
1272840,221313.28,21.99,-53.33,103.55,40.63,25.20,-36.72,4.52,4.14,-2.66
1272848,212335.68,26.87,-23.32,68.47,41.22,61.46,-87.67,5.52,3.98,-2.90
1272852,153167.11,23.60,-26.00,69.23,45.47,64.42,-88.32,5.18,4.03,-2.74
1272875,222708.68,-1.52,-83.93,145.67,37.07,-5.22,-15.35,3.70,4.86,-2.50
1273063,234457.43,2.53,-94.01,140.15,38.14,2.80,-27.96,3.41,4.58,-2.43
1273083,212084.13,177.40,182.70,-17.67,-98.77,-94.84,-0.53,2.51,4.68,-4.80
1274829,149006.12,2.13,-6.12,-1.03,271.36,25.53,-12.59,7.24,4.06,-1.53
1275121,213290.06,3.35,-10.81,-1.52,147.46,36.50,13.96,5.70,5.89,-1.99
1275402,83864.86,-7.38,3.55,2.76,-127.35,-115.53,-46.69,6.06,4.12,-1.47
1275807,212379.74,19.31,-55.02,109.73,27.00,25.16,-32.09,5.15,4.02,-2.63
1275860,212094.99,1.80,-38.23,80.53,82.58,85.16,-13.50,4.76,4.13,-2.92
1275931,212729.88,26.77,-46.23,98.96,35.31,36.22,-52.04,4.95,4.06,-2.74
1275964,155663.09,13.97,-79.01,147.39,19.74,2.78,-4.75,3.66,4.97,-2.45
1276063,159810.56,22.00,-10.38,18.61,-31.30,112.07,-151.37,5.86,4.02,-2.65
1276069,214415.31,26.99,-48.82,102.42,39.58,31.57,-36.57,4.81,4.09,-2.78
1276073,230885.60,24.78,-54.80,91.48,40.34,39.93,-31.43,4.10,4.31,-2.46
1276084,217116.40,-2.71,-89.03,146.90,22.43,-6.39,-21.43,3.50,4.86,-2.54
1276095,155601.83,7.65,-28.24,80.97,73.18,71.61,-47.86,5.23,4.02,-3.03
1276100,155589.15,22.04,-66.38,128.82,30.56,9.31,-31.51,4.22,4.28,-2.69
1276115,221073.72,25.98,-24.22,64.38,38.10,60.29,-103.00,4.76,4.13,-2.50
1276157,212098.80,24.46,-20.50,53.47,41.42,75.08,-113.93,6.10,3.87,-2.95
1276273,234440.71,25.21,-31.59,78.56,54.86,69.98,-74.73,5.77,3.94,-2.58
1276294,212093.84,18.72,-46.63,65.24,33.41,68.37,-17.32,3.99,4.84,-2.55
1276302,212602.63,25.35,-31.89,66.92,38.27,70.45,-74.70,5.28,4.01,-2.48
1276339,212094.26,26.72,-31.31,79.18,39.05,56.89,-69.58,5.55,3.98,-2.71
1276357,212647.23,25.98,-24.03,69.55,43.95,64.01,-88.84,5.74,3.94,-2.89
1276371,215726.21,30.20,-39.02,88.08,46.63,47.50,-56.73,4.81,4.11,-2.60
1276424,215256.16,28.20,-41.87,89.30,25.78,37.83,-66.09,4.89,4.08,-2.54
1276454,212104.89,24.23,-20.76,53.21,42.67,71.73,-115.26,6.08,3.89,-2.93
1278242,212104.01,29.91,64.93,123.32,-158.25,-58.88,-45.45,3.85,4.98,-2.89
1278561,138002.94,9.26,-0.56,1.15,-15.51,144.91,5.43,5.99,5.98,-2.00
1279832,212605.09,19.93,-53.52,111.38,41.14,26.41,-30.20,5.07,4.03,-2.59
1279857,212106.15,9.72,-28.42,60.86,90.50,44.24,-68.01,4.35,4.30,-2.81
1279898,221919.71,14.43,-53.91,110.35,47.61,31.69,-31.58,4.53,4.15,-2.48
1279915,216686.82,4.59,-92.61,140.91,53.78,-9.67,-24.57,3.43,4.65,-2.45
1279918,216723.62,30.39,-39.22,87.24,35.51,38.72,-44.63,4.88,4.09,-2.58
1279937,212998.54,22.90,-43.82,69.44,41.91,44.51,-30.48,4.00,4.39,-2.60
1280090,220103.73,30.47,-37.22,67.21,27.46,56.89,-75.54,5.29,4.01,-2.48
1280152,217955.26,16.01,-53.20,108.31,45.25,36.75,-28.77,4.92,4.07,-2.47
1280274,219350.04,24.97,-33.89,68.76,49.75,75.78,-71.57,4.93,4.08,-2.46
1280323,212190.59,21.00,-32.54,55.54,29.91,38.42,-76.72,4.51,4.30,-2.55
1280340,153423.92,15.27,-48.64,103.11,48.80,42.18,-29.58,4.63,4.16,-2.47
1281799,212089.47,-4.74,14.02,65.83,-111.56,-24.13,-115.29,5.00,4.14,-3.25
1281863,212225.54,179.23,69.04,128.88,-138.91,-40.37,20.38,2.80,4.75,-3.68
1281909,214586.36,28.73,50.07,110.74,-165.58,-16.20,-1.75,4.41,4.70,-2.97
1281932,212132.14,-3.14,17.47,71.96,-133.47,-16.60,-79.34,4.95,4.10,-3.26
1281934,213612.96,21.52,48.40,109.20,-187.00,-32.48,6.72,5.02,4.07,-3.11
1281976,212176.81,13.52,29.31,84.21,-131.48,-61.67,-60.73,5.15,4.04,-3.27
1282022,212227.30,35.61,52.37,116.26,-210.94,-27.80,6.55,4.36,4.73,-3.24
1282031,213701.69,32.71,49.75,109.43,-193.46,-26.65,9.97,4.19,5.25,-3.07
1282197,212084.17,59.05,53.90,117.89,-194.96,-20.46,5.40,3.89,5.04,-3.01
1282296,213223.43,28.30,45.11,95.43,-145.92,-54.38,-11.35,4.28,4.71,-2.99
1282494,212084.61,22.41,25.77,85.19,-159.25,-46.71,-74.04,4.43,4.28,-3.34
1282889,213137.36,25.13,-43.40,92.67,37.79,45.93,-31.33,4.60,5.37,-2.64
1283537,218140.92,26.92,-48.18,101.04,39.78,31.18,-32.22,4.85,4.11,-2.61
1283541,225690.34,4.07,-59.42,105.11,48.61,19.62,-27.85,4.10,4.27,-2.35
1283651,212129.02,-3.66,-23.66,22.10,84.67,35.59,-62.37,4.87,4.16,-2.46
1283675,213077.41,17.96,-51.55,109.52,36.83,41.48,-28.04,4.99,4.05,-2.54
1283764,158003.05,19.60,-34.97,91.09,56.96,46.38,-26.47,4.98,4.07,-2.83
1283872,153953.56,25.03,-48.44,105.16,42.53,37.34,-32.22,5.11,4.02,-2.59
1283882,212107.10,24.40,-20.61,53.45,41.10,75.07,-114.58,6.15,3.87,-2.93
1283905,216451.50,23.75,-38.43,87.09,49.71,63.25,-48.04,5.47,3.98,-2.54
1283913,223654.73,16.26,-47.84,104.41,40.16,34.05,-29.71,4.85,4.09,-2.47
1283988,126292.93,-4.95,7.75,-4.46,-79.77,-62.66,5.19,5.60,6.01,-1.83
1284126,212166.10,23.93,-47.07,86.41,47.89,53.02,-48.44,4.45,4.17,-2.55
1284145,212084.13,174.23,165.52,40.61,-119.30,-79.41,1.99,2.67,4.74,-5.24
1285677,212102.68,58.19,45.18,115.75,-189.74,-26.34,-2.46,3.94,5.11,-3.81
1285763,221396.98,14.72,40.13,105.80,-149.09,-44.84,0.95,5.02,4.04,-2.75
1285781,212086.34,21.33,49.25,108.86,-197.43,-36.33,3.73,5.27,4.02,-3.28
1285851,213529.69,24.60,56.84,114.81,-207.78,-52.03,-4.33,4.62,4.18,-2.99
1285856,214149.47,13.49,29.66,85.35,-135.62,-63.83,-55.77,5.26,4.01,-3.25
1286135,212089.00,7.98,22.31,80.11,-97.17,-65.23,-67.52,4.37,4.29,-3.39
1286207,223569.68,14.55,46.47,115.05,-200.55,-71.60,-2.81,4.54,5.41,-2.60
1286328,155588.00,28.40,53.45,103.05,-182.39,-29.40,-15.48,4.06,5.24,-3.07
1286405,221346.38,28.19,62.09,106.29,-113.53,-74.31,-10.03,4.05,4.81,-2.83
1286408,219103.29,19.97,50.45,103.06,-154.15,-36.73,18.86,4.22,4.38,-2.89
1286487,212084.13,29.24,57.37,112.33,-176.41,-65.60,-15.52,4.31,4.72,-2.97
1286564,212091.69,7.06,21.66,75.25,-146.83,-60.00,-74.30,4.60,4.20,-3.34
1286618,212084.13,35.78,59.12,113.30,-189.73,-41.18,-16.77,4.14,5.05,-3.03
1286642,212084.38,47.27,59.68,114.03,-190.11,-34.69,-41.69,3.81,5.09,-3.04
1286677,212084.56,24.64,53.33,110.50,-183.87,-42.90,9.33,4.68,4.16,-3.03
1286734,212182.97,22.46,45.47,100.84,-116.05,-56.64,-3.03,4.55,4.18,-2.86
1286762,212092.91,14.67,40.19,105.93,-155.06,-45.97,2.36,5.05,4.04,-2.79
1286816,212084.14,218.22,85.78,88.27,-133.26,-23.67,27.45,2.87,4.90,-4.76
1286862,212084.13,71.30,48.69,126.29,-184.70,-3.91,-31.51,3.83,4.87,-3.84
1286876,212093.34,191.64,68.71,110.40,-139.72,-25.74,40.76,2.83,4.69,-5.48
1286904,212093.66,181.41,49.08,141.94,-146.35,-21.80,36.25,2.87,4.71,-4.45
1286909,212084.38,200.24,84.08,100.11,-137.68,-26.63,30.65,2.81,4.81,-4.10
1286917,212085.25,98.92,43.06,136.63,-163.47,-13.01,-13.45,3.54,4.88,-4.03
1287090,212087.61,197.29,80.19,97.59,-146.92,-25.11,36.59,2.89,4.82,-4.38
1287117,212084.21,192.31,86.09,104.35,-135.93,-21.91,24.60,2.64,4.80,-4.37
1287595,212102.61,20.20,-54.05,72.79,66.22,64.79,-26.15,3.94,4.48,-2.73
1289099,212084.68,21.10,49.97,109.32,-193.66,-43.44,8.00,5.33,4.01,-3.27
1289146,212084.13,13.58,29.07,84.96,-140.01,-56.57,-57.58,5.31,4.01,-3.47
1289199,212110.16,38.10,49.29,106.83,-204.52,-17.14,2.23,4.05,5.03,-3.47
1289251,212088.08,229.76,61.68,71.74,-149.36,-9.56,43.92,2.67,4.74,-4.90
1289253,212085.05,29.08,50.50,101.88,-195.06,-14.44,6.15,4.07,5.22,-3.47
1289423,218885.08,68.45,44.86,123.21,-172.82,-2.72,-20.73,3.94,4.93,-3.43
1289771,212084.43,27.68,53.48,116.45,-208.57,-53.19,-5.02,4.68,4.52,-3.38
1289810,216963.76,40.67,56.57,113.66,-180.62,-23.55,-3.35,4.00,5.13,-3.01
1289823,212084.13,14.23,32.17,85.52,-118.51,-65.16,-77.25,4.89,4.12,-3.41
1290006,212084.14,13.20,29.36,84.29,-141.23,-60.11,-57.97,5.13,4.04,-3.43
1290036,212084.13,25.28,57.06,94.79,-113.55,-36.88,-9.69,4.15,4.39,-2.93
1290050,212087.13,33.91,50.56,115.26,-210.91,-38.29,4.81,4.50,4.94,-3.67
1290086,212106.87,36.69,50.85,111.82,-192.89,-23.24,20.61,4.07,5.26,-3.26
1290170,212084.29,214.68,82.75,87.81,-141.84,-14.75,35.52,2.91,4.93,-5.68
1290171,212084.22,223.87,83.23,78.41,-131.44,-12.15,41.55,2.84,4.92,-4.98
1290240,212094.31,188.65,62.60,112.29,-147.07,-26.62,47.95,2.81,4.65,-5.42
1290312,212087.94,210.91,62.59,115.58,-131.06,-11.97,66.10,2.98,4.70,-4.98
1292655,231961.19,32.03,51.89,108.49,-201.83,-38.75,10.06,4.06,5.32,-2.74
1292696,212084.16,-8.32,0.16,47.89,-104.76,-65.05,-175.60,4.75,4.19,-3.43
1292725,212086.97,-4.12,17.19,73.78,-96.21,-41.36,-71.36,4.78,4.14,-3.30
1293174,212084.13,229.58,79.38,76.77,-137.33,-9.85,47.14,2.82,4.89,-4.99
1314753,212290.06,29.20,-38.48,75.83,39.91,46.10,-61.52,4.36,5.23,-2.61
1317776,164795.99,4.53,-4.05,-0.61,141.10,175.70,-7.68,7.38,5.16,-1.37
1319459,212998.16,12.31,-1.67,2.75,4.50,131.89,19.55,5.50,6.01,-2.21
1319502,161843.54,0.17,-4.02,-0.24,261.00,6.08,42.65,7.87,4.03,-1.43
1319687,219297.24,16.50,-48.90,112.65,29.87,22.02,-28.06,4.40,4.21,-2.52
1319694,216857.67,-5.40,-84.03,142.88,20.85,10.74,-16.32,3.54,4.82,-2.53
1319717,212106.26,27.76,-24.98,70.21,40.67,33.19,-82.55,4.85,4.10,-2.87
1319723,215034.74,21.13,-11.78,22.57,-11.06,84.49,-140.46,5.38,4.05,-2.27
1319724,212417.07,23.80,-47.17,91.11,42.59,52.77,-52.16,4.93,4.07,-2.57
1319827,212185.44,28.33,-22.95,58.44,13.89,49.11,-97.18,5.26,4.01,-2.74
1319841,212095.18,11.09,-37.89,78.71,78.01,72.62,-31.42,4.88,4.09,-2.95
1319847,212182.54,28.08,-27.75,71.92,37.12,50.05,-79.73,5.21,4.03,-2.79
1319866,122464.47,4.25,-3.11,-0.18,163.36,260.17,34.24,7.25,5.93,-1.44
1319892,212088.01,20.49,-21.74,61.26,39.78,60.25,-94.92,5.14,4.05,-2.80
1319919,212093.69,20.59,-22.14,61.28,46.35,55.26,-86.25,5.16,4.04,-2.75
1319930,215932.03,14.56,-45.48,95.04,43.84,35.03,-14.40,3.92,4.94,-2.37
1319936,212156.83,30.62,-25.62,44.76,7.16,83.84,-103.10,4.59,4.23,-2.57
1320002,212136.63,16.80,-32.61,50.28,21.77,45.31,-44.33,4.31,4.52,-2.53
1325130,212089.13,4.26,-38.01,82.97,79.00,59.34,-34.10,4.66,4.13,-2.95
1325235,212116.28,24.93,-46.83,99.37,35.74,44.89,-39.77,5.18,4.01,-2.71
1325307,215355.31,25.37,-32.34,66.61,38.63,67.14,-69.06,5.30,4.01,-2.48
1325318,214435.42,24.27,-20.66,53.07,40.05,74.59,-116.26,6.06,3.90,-2.89
1325338,218971.40,24.61,-39.33,95.28,44.65,54.95,-49.30,5.53,3.97,-2.61
1325355,212092.29,-0.60,-24.91,61.62,82.44,22.30,-27.34,4.18,4.75,-2.60
1325376,212091.38,17.08,-7.67,40.14,9.32,89.21,-117.23,5.10,4.10,-2.83
1325418,222594.17,21.50,-50.12,111.03,46.47,38.19,-21.31,5.03,4.04,-2.61
1325448,219393.57,-6.35,-70.60,139.25,8.80,18.15,-19.56,4.44,4.18,-2.46
1325452,212107.92,6.90,-29.72,81.55,80.66,64.66,-46.07,4.98,4.07,-2.85
1325492,212101.95,13.39,-24.96,58.50,85.82,53.52,-68.01,4.67,4.18,-2.85
1325634,212625.30,28.73,-50.91,103.92,26.17,-1.50,-35.53,4.27,4.29,-2.72
1329554,95361.54,8.53,-8.09,2.55,86.28,158.81,38.26,5.67,6.13,-2.12
1331249,221026.36,23.35,-47.47,86.73,39.01,70.53,-36.78,4.43,4.17,-2.46
1331352,244175.82,4.72,-81.52,140.15,55.33,12.85,13.28,3.77,5.33,-2.26
1331353,212088.09,18.32,-30.70,92.04,49.75,38.63,-34.34,4.70,4.15,-2.90
1331484,212163.50,17.97,-37.19,53.94,33.99,72.22,-49.87,4.26,4.40,-2.63
1336534,212729.26,-2.01,-10.36,-5.64,103.12,-34.90,20.03,5.45,6.02,-2.12
1337139,219916.68,22.22,-58.14,110.82,38.41,31.53,-20.18,4.51,4.16,-2.71
1337222,215241.47,5.15,-42.31,82.84,58.96,61.61,-21.91,4.57,4.18,-2.85
1337472,212089.16,4.84,-37.00,81.99,71.45,70.47,-28.51,4.78,4.10,-2.95
1337496,212333.84,27.11,-46.16,111.91,26.41,17.19,-10.72,4.18,4.31,-2.82
1340682,117358.06,1.06,5.05,1.82,-215.84,97.25,89.20,6.23,5.98,-1.41
1340975,165946.19,-3.42,14.05,-4.97,-128.16,-21.47,2.81,5.30,6.02,-2.20
1342133,217782.67,17.34,-54.16,112.01,27.15,30.61,-23.97,4.68,4.11,-2.53
1342371,223603.02,24.36,-46.91,84.67,33.47,55.89,-51.03,4.48,4.17,-2.50
1342425,152572.11,23.12,-22.18,61.30,18.57,70.58,-123.12,4.88,4.11,-2.52
1342542,220627.92,20.69,-50.29,107.72,39.33,35.58,-32.69,5.54,3.97,-2.66
1342583,214105.34,20.14,-52.61,106.53,29.85,36.21,-33.25,5.13,4.02,-2.68
1342712,151923.92,23.17,-40.96,96.00,60.43,56.68,-51.06,5.10,4.03,-2.54
1342735,212349.48,19.69,-49.27,108.07,36.94,39.19,-29.93,5.35,3.99,-2.61
1347501,218124.31,17.29,-45.71,103.80,39.72,35.54,-44.27,4.68,4.14,-2.50
1347715,212826.18,26.07,-47.78,102.98,40.22,36.17,-40.23,5.20,4.01,-2.60
1347744,212678.66,34.13,-35.99,73.80,30.67,43.42,-41.49,4.63,4.19,-2.52
1347786,150486.86,17.83,-34.79,81.22,72.98,67.49,-33.64,4.98,4.06,-2.89
1347789,229147.03,-13.75,-93.62,142.92,-3.17,-0.60,3.79,3.40,4.86,-2.40
1348079,212088.58,4.84,-36.50,80.64,78.38,67.77,-42.29,5.39,3.99,-2.98
1348081,215850.49,11.92,-57.26,112.46,32.29,29.10,-21.25,4.27,4.21,-2.51
1348147,213318.35,23.90,-24.31,68.75,34.67,59.82,-78.24,5.25,4.01,-2.81
1348280,212084.13,172.47,188.62,-6.71,-82.89,-99.80,-24.27,2.52,4.71,-5.04
1350617,102228.67,0.11,-6.41,0.57,231.73,-0.90,-23.72,7.71,4.05,-1.57
1351019,212092.32,6.32,-30.85,80.87,78.51,52.68,-31.63,4.79,4.11,-2.91
1351041,212166.22,30.95,-29.00,73.43,23.85,63.23,-67.88,4.84,4.12,-2.74
1351103,92468.80,25.86,-35.97,81.16,34.92,72.04,-60.95,5.43,3.99,-2.50
1351127,167316.11,15.89,-53.31,106.42,45.28,46.31,-19.87,4.70,4.12,-2.46
1351162,150545.83,24.16,-39.24,90.52,31.00,56.89,-56.18,5.51,3.97,-2.53
1351163,252473.59,6.93,-71.30,139.62,-24.85,78.07,-22.32,6.07,4.11,-2.42
1351342,163372.20,29.36,-26.34,57.99,5.65,65.97,-69.17,4.59,4.26,-2.43
1351415,216536.29,17.73,-36.23,83.62,76.77,74.65,-29.73,5.12,4.03,-2.91
1351441,155870.17,15.82,-54.62,108.31,37.72,36.41,-24.44,4.87,4.09,-2.51
1351476,155070.95,14.67,-54.62,111.52,38.59,32.64,-22.90,4.59,4.15,-2.51
1351524,224970.94,25.84,-46.77,83.49,36.59,61.78,-45.91,4.43,4.24,-2.45
1351565,215445.84,9.27,-27.25,71.60,81.38,59.95,-43.92,5.09,4.05,-2.96
1351633,213670.23,24.51,-41.46,96.73,47.29,48.94,-47.37,5.33,4.00,-2.63
1353929,212292.56,24.61,-38.24,95.91,27.32,54.92,-41.17,5.33,4.00,-2.67
1353965,214874.05,18.80,-34.15,51.63,30.09,69.48,-73.64,4.96,4.08,-2.77
1354041,226429.60,-38.05,-44.30,39.95,50.14,39.31,47.09,4.21,4.31,-2.54
1354048,152324.73,3.90,-37.22,80.37,72.29,61.02,-25.84,5.35,4.00,-3.01
1354132,214905.32,5.00,-45.99,80.58,82.58,66.35,-12.84,4.68,4.14,-2.77
1354222,164480.94,9.83,-98.50,141.65,23.59,-15.34,-15.45,3.29,4.80,-2.39
1354265,212216.15,16.69,-10.57,22.96,-57.29,91.89,-144.66,5.26,4.09,-2.46
1354317,215383.49,17.99,-36.25,81.38,64.95,68.83,-34.82,4.92,4.08,-2.93
1354379,215124.60,28.76,-29.27,72.46,21.30,61.46,-84.14,5.15,4.03,-2.78
1354426,212089.14,3.96,-35.50,79.61,78.34,69.74,-42.35,5.47,3.98,-3.00
1354463,212099.31,2.94,-42.54,45.68,70.94,65.13,-32.82,4.87,4.13,-2.72
1357146,135738.80,-5.55,-2.76,-0.07,130.32,-201.94,-32.87,7.50,4.06,-1.52
1357180,153516.85,21.88,-20.15,63.47,36.39,51.21,-83.43,4.92,4.11,-2.80
1357266,98449.74,17.55,-49.21,109.62,35.31,42.76,-29.89,4.88,4.08,-2.52
1357339,229478.85,24.44,-33.50,80.34,60.54,67.01,-64.35,5.63,3.96,-2.48
1358531,212096.74,23.04,45.23,97.28,-119.34,-57.45,-19.69,4.41,4.25,-3.16
1358599,212089.57,234.70,35.02,92.92,-135.40,-4.81,64.95,2.64,4.78,-4.47
1358971,212091.48,20.02,33.75,90.38,-90.76,-53.66,-49.00,4.88,4.11,-3.40
1359025,212178.70,24.97,47.12,114.08,-189.48,-25.10,-18.92,4.61,4.15,-2.98
1359066,212084.13,188.50,94.76,116.40,-127.31,-29.68,13.44,2.39,4.71,-3.66
1360204,212107.10,18.08,-49.53,111.46,30.20,36.91,-28.35,4.97,4.06,-2.74
1360276,217014.98,24.51,-55.83,102.97,45.29,40.32,-21.85,4.31,4.24,-2.65
1360336,225683.27,25.12,-32.05,79.93,53.25,65.38,-72.72,5.79,3.94,-2.69
1360425,212443.47,20.98,-52.97,109.60,35.72,27.27,-27.37,5.21,4.01,-2.73
1360428,69125.43,5.61,-1.03,-0.02,13.18,256.84,-78.84,7.27,5.87,-1.42
1360448,215093.45,23.33,-46.86,90.10,34.96,61.05,-46.24,4.81,4.11,-2.49
1360483,217574.22,30.28,-29.04,71.71,30.51,49.13,-77.01,5.20,4.02,-2.77
1360495,154692.31,13.52,-45.86,103.01,34.80,40.87,-28.74,4.08,4.35,-2.40
1360562,212096.41,27.63,-48.05,102.95,37.69,30.79,-38.17,4.91,4.07,-2.74
1361362,212132.18,215.80,55.84,97.11,-141.95,-10.40,60.14,2.81,4.76,-5.31
1361774,214332.25,13.09,52.19,107.85,-152.87,-49.12,-2.40,4.42,4.20,-2.86
1361826,212104.51,28.42,49.80,109.30,-182.14,-26.12,0.20,4.29,5.42,-2.84
1361945,212084.13,27.38,53.61,119.11,-158.21,-63.25,-33.83,4.24,4.67,-3.15
1362236,212102.50,191.71,49.56,124.34,-145.50,-22.32,50.97,2.77,4.58,-4.30
1362257,212084.27,41.95,58.57,114.95,-193.83,-28.10,-15.34,4.01,4.89,-3.40
1362259,227109.15,36.85,49.56,80.90,-66.59,-42.41,-50.15,4.17,4.37,-2.72
1362275,212084.14,206.84,71.05,124.32,-133.77,-21.73,43.54,2.84,4.77,-3.80
1362416,212089.17,193.34,73.90,108.82,-138.83,-25.82,33.20,2.80,4.71,-5.01
1362444,212085.61,199.44,64.29,130.54,-135.72,-30.43,41.25,2.76,4.74,-4.00
1362482,212091.37,198.01,64.80,113.31,-145.74,-26.84,48.76,2.86,4.73,-5.45
1362510,212084.17,172.33,63.63,143.94,-139.28,-28.31,13.47,2.89,4.77,-3.72
1363304,212942.77,32.77,-38.44,76.80,27.66,48.92,-40.46,4.76,4.12,-2.52
1363325,212562.92,18.89,-45.75,98.93,36.63,58.52,-51.33,4.71,4.12,-2.55
1363339,152454.66,14.94,-21.63,55.32,91.59,65.43,-86.79,5.54,4.01,-3.04
1364661,212120.55,222.61,57.12,94.84,-138.69,-13.65,61.89,2.80,4.81,-5.23
1364760,217546.45,26.68,34.86,94.73,-157.16,-35.00,-49.67,4.34,4.26,-2.88
1364809,212689.74,27.73,39.15,102.06,-124.80,-29.15,-14.78,4.13,4.38,-2.87
1364822,213939.09,23.35,51.20,112.60,-162.06,-47.52,-15.72,4.75,4.17,-3.09
1364827,213825.55,30.52,49.65,111.18,-190.64,-24.93,0.24,4.54,4.18,-3.17
1364838,213330.57,103.19,74.28,126.92,-130.33,-35.49,-26.40,3.40,5.02,-2.94
1364858,169196.33,31.13,46.84,115.59,-181.39,-41.07,-11.81,4.34,4.29,-3.12
1364906,222828.16,34.48,47.05,116.06,-198.57,-30.03,-23.60,4.23,5.23,-3.09
1365166,219408.14,41.01,50.14,113.00,-205.14,-38.80,9.37,3.99,5.03,-2.85
1365235,222763.03,50.37,44.28,118.38,-168.60,-15.67,-28.80,3.84,5.12,-3.09
1365272,213134.19,28.90,54.78,109.48,-195.50,-46.93,1.69,4.79,4.12,-3.00
1365347,225571.98,24.67,49.19,117.40,-160.78,-40.68,-43.59,4.13,4.66,-2.73
1365387,212300.24,25.74,57.68,106.61,-152.74,-69.61,-34.48,4.21,4.79,-2.95
1365396,212954.64,193.07,81.16,147.89,-133.71,-13.82,12.91,2.60,4.66,-3.24
1365447,212281.20,18.51,40.53,94.49,-134.07,-24.50,-36.90,4.88,4.14,-3.32
1365473,212104.84,49.76,48.85,116.62,-210.91,-20.84,13.84,4.05,5.22,-3.69
1365487,212126.50,23.79,54.72,107.45,-180.74,-52.50,-29.11,4.20,5.34,-2.93
1365539,214069.65,9.88,26.36,77.11,-148.98,-35.31,-88.92,4.27,4.30,-3.16
1365566,212084.13,219.92,88.73,93.18,-126.65,-29.05,29.97,2.81,4.82,-4.43
1365582,212084.22,32.36,50.42,112.55,-177.89,-40.52,-14.06,4.44,4.74,-3.13
1365648,212084.21,84.91,43.57,132.20,-142.74,-8.56,-33.70,3.77,5.09,-3.68
1365715,212089.36,199.01,52.37,135.00,-141.23,-23.22,42.53,2.76,4.62,-4.41
1365744,212085.74,53.30,60.64,113.28,-182.81,-23.10,-21.63,3.77,5.01,-3.35
1367284,212143.38,214.08,43.89,109.80,-138.99,-20.97,59.41,2.79,4.84,-3.79
1367339,213111.62,21.13,32.69,91.20,-120.83,-50.56,-50.17,4.71,4.14,-3.22
1367526,212086.24,20.89,49.77,108.33,-198.63,-40.42,5.95,5.23,4.03,-3.21
1367630,212096.80,-3.96,16.23,65.44,-85.73,-38.55,-94.75,5.20,4.06,-3.22
1367932,212084.80,18.24,40.43,93.90,-118.27,-35.68,-42.79,4.88,4.14,-3.31
1367982,212084.38,30.45,56.70,117.19,-212.43,-37.57,-10.54,4.26,4.62,-3.43
1367983,216109.40,-4.27,13.94,66.10,-116.15,-26.72,-111.49,5.03,4.12,-3.14
1367993,212098.95,92.96,40.44,130.68,-166.44,-12.16,-22.10,3.63,4.98,-3.70
1368264,231325.39,29.85,45.38,115.90,-149.39,-33.69,6.51,4.24,4.76,-2.78
1368298,212084.21,23.67,60.88,121.67,-155.97,-57.13,-3.22,4.27,4.26,-2.89
1368328,218665.29,23.20,45.00,114.40,-158.36,-55.77,-1.38,4.24,4.71,-2.66
1369757,212084.13,230.86,74.14,66.72,-136.23,-13.82,50.41,2.74,4.81,-4.76
1369894,213204.25,21.62,52.81,120.27,-200.86,-54.50,-35.55,4.26,5.18,-2.86
1370036,212091.63,105.03,47.79,128.68,-179.17,-31.86,1.67,3.34,4.84,-4.08
1370091,212084.90,36.85,60.35,109.45,-175.72,-38.90,-11.63,3.97,5.04,-2.89
1370237,212093.25,197.89,49.91,121.57,-144.47,-24.97,52.80,2.84,4.62,-4.70
1370270,212093.87,187.37,53.42,133.15,-149.38,-28.19,39.92,2.77,4.62,-4.79
1370412,212095.90,183.69,66.41,111.15,-147.04,-32.54,42.57,2.83,4.67,-5.00
1385305,215087.59,26.04,-24.52,65.68,11.75,60.32,-86.15,4.89,4.12,-2.45
1390205,230154.48,-2.42,-2.64,-0.46,207.32,-146.47,63.78,7.97,4.02,-1.45
1390254,212681.02,23.36,-36.46,90.11,54.67,52.40,-53.28,5.15,4.03,-2.47
1390450,213569.90,25.32,-23.35,55.46,39.71,61.76,-86.93,4.55,4.25,-2.43
1390463,212097.81,4.16,-39.13,79.18,73.69,74.40,-32.94,5.01,4.06,-3.02
1390474,151938.13,26.08,-46.39,102.36,42.16,39.62,-34.71,5.61,3.95,-2.59
1390493,217023.00,25.55,-36.54,74.43,35.66,68.79,-64.43,5.29,4.00,-2.48
1390551,212130.99,-12.05,-34.51,56.29,85.32,45.39,-3.29,4.49,4.24,-2.74
1393041,156928.77,-2.81,-2.92,0.31,140.99,-218.87,62.05,7.46,5.53,-1.41
1393390,94429.96,5.39,-7.79,0.11,199.56,113.83,-17.19,7.00,4.05,-1.58
1393597,87158.81,-4.60,-5.49,-0.03,205.75,-174.14,-43.51,6.25,6.37,-1.76
1394378,156887.46,-0.26,-5.77,2.11,248.61,21.89,13.40,6.32,6.25,-1.45
1394557,213426.01,-12.20,-34.78,56.81,110.32,59.94,-8.79,4.46,4.26,-2.72
1394585,212146.19,5.65,-29.88,82.11,84.85,58.01,-33.57,4.81,4.11,-2.83
1394593,215066.62,25.25,-32.59,67.32,40.34,70.77,-75.52,5.26,4.01,-2.47
1394640,213314.33,23.65,-39.12,89.71,29.34,53.47,-61.12,5.56,3.96,-2.53
1394673,215514.98,25.93,-45.94,100.47,46.94,37.77,-41.13,5.44,3.98,-2.68
1394834,150800.50,17.66,-16.44,63.92,16.97,37.32,-100.83,5.13,4.06,-2.45
1394946,212094.28,0.75,-37.18,80.65,79.57,51.15,-7.86,4.56,4.19,-2.87
1397443,120290.40,6.96,-2.92,-0.32,104.74,220.15,64.44,7.59,4.04,-1.52
1397733,202834.21,-2.17,4.35,0.36,-241.62,-75.79,-25.24,8.36,4.01,-1.50
1398270,225401.40,-7.83,-1.29,0.80,70.76,-152.98,-22.24,7.10,4.05,-1.76
1398510,213230.75,25.55,-23.15,69.52,49.22,61.08,-95.32,5.71,3.95,-2.92
1398573,212115.38,9.81,-36.97,79.79,68.56,57.31,-33.89,4.97,4.09,-2.83
1398592,223130.86,29.44,-26.86,74.96,14.67,70.54,-52.06,4.86,4.13,-2.57
1398647,212089.20,13.83,-23.01,56.54,99.07,72.53,-96.32,4.89,4.15,-2.94
1398737,216295.16,16.78,-17.12,63.97,14.79,51.27,-109.09,5.22,4.03,-2.45
1398825,212094.43,26.93,-23.01,68.70,43.72,62.60,-91.81,5.48,3.98,-2.94
1398834,212090.72,10.75,-31.67,82.06,89.31,62.24,1.91,4.62,4.20,-2.94
1398907,212087.46,17.40,-31.64,90.79,60.08,46.15,-49.09,4.97,4.06,-2.97
1401671,213895.83,-2.79,13.08,-5.78,-123.32,-2.75,24.25,5.33,5.99,-2.09
1402552,219158.89,16.18,-56.40,107.26,40.04,36.60,-15.52,4.62,4.14,-2.51
1402748,222074.92,20.33,-12.92,29.50,-13.36,89.31,-158.23,5.50,4.03,-2.50
1402806,165919.18,15.35,-23.93,75.71,22.79,41.72,-66.90,4.58,4.21,-2.45
1402843,219794.95,11.87,-45.79,78.94,81.18,71.69,-19.55,4.74,4.13,-2.73
1402877,214250.85,26.71,-28.32,71.78,19.69,45.29,-76.49,5.02,4.05,-2.78
1403066,190371.14,-1.54,6.14,0.10,-265.61,-31.13,5.02,7.92,4.03,-1.49
1406152,214418.64,23.11,-33.13,79.77,62.34,69.88,-61.99,5.34,4.01,-2.56
1406266,213139.83,-63.65,-64.85,13.33,59.74,1.11,22.47,4.13,4.43,-2.84
1406329,224762.73,15.25,-57.82,108.75,37.23,39.48,-19.41,4.46,4.77,-2.44
1406521,217413.04,-13.72,-34.45,56.25,76.18,74.51,8.69,4.40,4.73,-2.68
1406588,221891.73,23.30,-39.13,93.82,47.08,55.39,-53.57,5.38,3.99,-2.78
1406684,212090.17,6.23,-29.47,81.86,59.92,74.27,-53.14,4.90,4.08,-2.91
1409560,213027.56,4.48,11.61,-7.54,-115.22,13.64,32.61,5.24,5.98,-2.14
1409734,219945.84,1.34,-83.27,141.38,29.81,-11.16,-6.28,3.83,4.39,-2.45
1409763,218381.11,17.14,-55.64,107.84,39.23,46.24,-21.14,4.98,4.06,-2.49
1409873,220268.79,22.96,-41.18,93.09,39.83,55.67,-53.37,4.95,4.07,-2.76
1409883,166968.96,16.20,-55.08,108.96,43.12,40.77,-16.63,4.82,4.10,-2.48
1409908,212815.05,-38.73,-40.83,19.64,42.44,10.65,28.39,4.34,4.31,-2.39
1409921,212253.82,18.40,-34.72,82.28,76.62,57.35,-42.41,5.13,4.03,-2.94
1409999,217651.94,6.50,-73.67,124.02,45.39,6.23,-7.53,3.81,4.73,-2.45
1410023,219377.66,19.31,-55.04,111.99,35.87,28.55,-25.88,4.92,4.07,-2.64
1410064,215986.18,17.76,-50.09,116.61,40.66,17.42,-25.83,4.43,4.20,-2.58
1410102,152580.22,24.21,-39.85,94.70,52.63,54.09,-49.29,5.46,3.98,-2.60
1410106,225529.33,-0.37,-57.99,105.21,39.89,16.96,-26.51,4.20,4.25,-2.37
1410142,218784.03,5.37,-52.71,106.40,37.96,16.74,-7.85,3.77,4.65,-2.35
1410146,215849.09,16.99,-56.20,107.26,45.16,39.04,-14.80,4.77,4.11,-2.49
1410224,218399.51,19.43,-60.51,111.76,39.91,33.25,-9.11,4.29,4.54,-2.49
1410302,227961.22,18.01,-74.04,136.92,29.07,13.10,-22.84,3.45,4.99,-2.47
1412502,213298.45,-8.27,2.36,-0.87,-55.54,-153.97,41.60,6.28,5.76,-1.99
1412627,212124.60,0.12,-24.70,61.24,81.80,16.17,-45.41,4.18,4.77,-2.61
1412757,213515.67,16.07,-48.53,102.07,34.52,50.06,-30.79,4.61,4.16,-2.53
1412763,212117.22,24.35,-34.42,79.29,53.85,75.40,-55.86,5.35,4.00,-2.66
1412803,214139.53,8.59,-72.53,141.01,101.61,5.95,46.90,5.97,3.96,-2.47
1412853,219527.03,11.47,-103.70,139.35,43.63,-7.97,-22.28,3.24,5.07,-2.50
1412907,220093.25,26.03,-30.62,79.99,39.20,65.61,-64.74,5.55,3.97,-2.64
1412988,153939.66,23.55,-37.61,87.35,47.70,63.66,-57.63,5.53,3.97,-2.67
1412993,216204.59,33.98,-41.43,65.51,28.78,53.87,-61.65,4.53,4.16,-2.53
1413019,222619.41,19.02,-70.70,123.47,31.12,13.64,-17.95,3.80,4.48,-2.70
1413065,215979.89,14.26,-48.67,110.62,39.02,17.70,-25.55,4.06,4.39,-2.52
1413094,218141.93,24.14,-38.33,89.56,40.59,53.22,-64.13,5.54,3.97,-2.69
1413132,212601.97,14.58,-21.74,54.78,83.93,49.30,-87.01,5.44,4.02,-2.93
1413154,227367.24,20.08,-49.31,113.35,34.27,30.72,-33.17,4.78,4.10,-2.56
1413206,213961.43,31.84,-38.23,75.99,35.01,48.18,-51.09,4.91,4.08,-2.53
1413218,213574.65,9.24,-27.19,71.52,83.01,60.41,-41.79,5.10,4.05,-2.95
1415377,212095.43,0.57,-32.14,76.95,75.28,62.81,-24.52,4.82,4.11,-2.82
1415384,212127.11,31.07,-39.04,88.09,48.88,36.60,-51.03,4.54,4.22,-2.79
1415399,212875.90,25.10,-39.52,83.77,42.93,66.97,-51.00,5.18,4.02,-2.70
1415420,166733.27,32.45,-37.89,69.52,36.49,43.45,-84.38,4.74,4.14,-2.47
1415461,212973.86,22.05,-15.59,22.67,14.37,73.85,-121.51,4.81,4.19,-2.35
1415472,214329.38,31.02,-39.85,77.07,26.97,63.94,-54.87,4.81,4.10,-2.49
1415545,220420.89,3.21,-49.04,80.98,69.34,60.64,-18.37,4.06,5.10,-2.68
1415583,219812.32,23.29,-48.23,91.67,35.77,48.29,-52.49,4.98,4.06,-2.59
1415631,220364.16,18.38,-34.28,52.06,39.53,73.58,-67.65,4.93,4.09,-2.73
1415715,85981.69,24.33,-38.58,96.27,35.86,49.64,-49.51,5.49,3.98,-2.68
1415796,215348.91,15.67,-23.18,76.17,9.29,42.08,-57.24,4.53,4.26,-2.45
1415898,214269.13,19.49,-53.03,116.50,38.96,32.51,-23.52,4.91,4.07,-2.56
1415970,218077.80,26.63,-31.56,79.59,44.46,60.48,-63.96,5.54,3.97,-2.60
1416849,212085.58,-1.56,16.34,72.36,-153.19,-3.18,-97.25,4.81,4.15,-3.48
1417231,212980.43,3.74,5.59,4.59,-96.24,105.15,7.63,5.71,5.88,-1.84
1417344,212084.13,13.88,28.34,84.15,-129.62,-71.26,-50.57,4.96,4.10,-3.37
1418225,216024.69,19.97,-32.21,91.00,46.90,43.66,-42.31,5.09,4.04,-2.94
1418303,153075.51,20.01,-55.20,110.87,35.54,26.87,-25.31,4.91,4.07,-2.57
1418324,212177.75,12.57,-19.62,5.13,41.14,93.51,-50.32,4.90,4.19,-2.43
1418333,215802.02,7.00,-48.77,111.46,18.07,7.30,-27.85,3.56,4.80,-2.60
1418349,218273.97,19.93,-53.06,114.62,35.82,27.26,-24.87,4.93,4.06,-2.60
1418366,149564.65,21.24,-59.26,114.19,30.67,30.09,-26.07,4.48,4.14,-2.60
1418398,217143.82,25.06,-42.63,97.90,39.39,40.38,-48.94,5.32,4.00,-2.57
1418464,149892.73,26.14,-38.08,88.61,42.65,61.21,-57.57,5.25,4.00,-2.55
1419538,212099.71,226.44,65.86,87.36,-147.62,-4.74,54.49,2.82,4.76,-5.50
1419582,221908.37,38.22,34.75,99.22,-141.57,-17.56,-48.14,3.85,4.64,-2.94
1419712,212084.29,2.07,14.71,68.07,-157.36,-55.75,-95.79,4.72,4.19,-3.55
1419900,221107.86,24.63,55.98,108.34,-145.43,-64.28,-17.85,4.13,4.86,-2.71
1419927,227973.89,31.69,53.37,105.85,-198.15,-32.56,-4.50,4.01,4.94,-2.86
1419960,212084.49,25.48,52.37,100.10,-141.85,-23.86,-20.24,4.53,4.19,-3.06
1419973,216835.32,219.01,30.81,124.13,-139.68,-35.51,43.60,2.58,4.77,-3.22
1420141,212089.35,190.68,65.68,124.55,-137.68,-38.75,35.85,2.75,4.74,-3.80
1420413,212094.42,196.05,64.75,124.28,-134.47,-31.45,39.04,2.77,4.69,-4.53
1421069,212114.25,10.31,-52.51,85.06,61.85,65.77,-8.35,4.00,4.78,-2.73
1421095,152340.40,31.92,-38.91,69.31,27.90,77.14,-75.71,4.88,4.10,-2.49
1422209,212084.13,17.59,35.17,87.80,-133.42,-66.13,-52.29,4.77,4.14,-3.40
1422255,212084.14,37.38,50.41,117.83,-209.70,-17.72,-43.56,4.19,4.84,-3.39
1422297,212084.13,38.29,48.47,116.99,-209.85,-33.66,-30.29,4.13,4.35,-3.61
1422327,212095.37,214.01,62.07,97.28,-146.96,-16.20,52.06,2.93,4.78,-5.38
1422546,219788.36,23.12,47.64,98.72,-132.94,-26.12,-18.70,4.35,4.31,-3.03
1422644,87634.08,32.04,55.45,110.91,-193.09,-48.09,15.24,4.23,5.06,-3.07
1422731,213073.65,86.20,63.42,122.07,-157.37,-46.26,-33.26,3.44,4.90,-2.94
1422773,220593.41,91.50,66.29,129.29,-143.01,-35.11,-51.45,3.31,4.94,-2.94
1422811,212094.19,202.08,51.73,126.98,-141.64,-17.18,50.89,2.75,4.58,-4.05
1422819,212084.13,196.96,67.48,144.99,-138.49,-29.68,11.28,2.79,4.81,-3.60
1423014,212084.13,46.82,55.21,116.63,-177.13,-13.31,-38.24,4.07,5.08,-3.60
1423020,212085.27,104.46,45.81,134.48,-168.44,-27.21,-8.17,3.47,4.87,-4.05
1423129,212084.82,211.24,62.78,122.51,-135.55,-19.60,56.57,2.83,4.71,-4.90
1423158,212084.17,177.19,63.29,139.75,-146.11,-36.95,20.59,2.83,4.73,-3.92
1423189,212093.77,199.84,65.65,117.86,-136.94,-34.23,48.79,2.84,4.75,-4.57
1423191,212088.12,208.10,73.59,108.39,-134.06,-12.73,48.14,3.01,4.82,-5.03
1423194,212084.16,210.73,74.12,118.82,-144.30,-27.97,46.14,3.78,4.93,-4.10
1423360,212084.18,210.05,83.09,107.47,-134.07,-27.11,35.85,2.78,4.85,-3.96
1424669,212136.20,35.72,50.62,107.27,-199.66,-15.63,6.10,3.98,4.95,-3.35
1424678,231121.55,9.54,32.34,105.52,-123.12,-12.91,-15.69,4.30,4.93,-2.72
1424708,212085.88,31.55,53.40,110.85,-186.06,-25.87,21.53,4.34,5.16,-3.03
1424721,213429.62,22.58,44.21,97.02,-137.80,-47.97,-34.61,4.49,4.21,-3.14
1424979,212473.82,24.00,47.96,102.73,-172.47,-39.26,20.30,4.55,4.79,-3.17
1425217,216104.25,21.20,32.91,85.93,-175.01,-54.75,-23.92,4.11,5.19,-2.90
1425260,212084.22,166.58,72.55,144.69,-140.80,-18.67,2.13,2.78,4.66,-3.24
1426693,212086.06,19.72,40.27,94.89,-129.45,-38.90,-44.61,4.87,4.10,-3.29
1426833,214400.14,25.33,60.96,122.33,-159.94,-39.44,-35.12,4.38,4.27,-2.82
1426863,212104.81,24.63,51.27,103.22,-151.89,-51.71,-2.25,4.44,4.31,-3.19
1426889,212129.78,29.74,51.61,111.24,-201.34,-29.00,-8.94,4.46,5.24,-3.34
1427029,218524.96,210.20,37.18,116.78,-138.70,-22.85,57.63,2.68,4.81,-3.41
1427048,212129.68,33.52,44.50,107.03,-178.34,-42.24,-23.69,4.00,5.18,-3.21
1427110,212110.54,211.60,55.94,115.43,-140.95,-20.20,53.67,2.89,4.67,-4.03
1427118,213208.92,-2.76,17.76,70.77,-172.21,-28.17,-106.05,4.76,4.18,-3.37
1427132,212137.69,31.76,48.27,114.69,-218.77,-32.13,-3.88,4.49,4.64,-3.37
1427181,212086.49,216.58,69.79,100.22,-141.92,-21.40,51.37,2.91,4.80,-5.44
1427318,212095.37,214.14,74.19,81.13,-143.36,-20.77,45.79,2.87,4.86,-5.32
1427337,212084.13,33.31,52.71,116.63,-205.24,-30.49,-27.70,4.65,4.18,-3.68
1428048,212087.60,119.57,44.50,130.57,-169.50,-39.76,7.92,3.31,4.83,-3.77
1428050,212092.40,225.39,61.30,104.85,-143.64,-23.93,55.80,2.91,4.75,-4.05
1428100,212084.13,233.55,74.88,72.42,-136.80,-6.03,53.53,2.74,4.78,-5.40
1428270,212102.56,206.25,70.71,94.34,-142.09,-17.42,40.77,2.97,4.80,-4.55
1428300,212084.31,36.73,62.34,115.70,-205.71,-45.75,-25.35,3.86,5.16,-2.92
1441413,132812.81,-3.49,-4.02,-0.85,206.74,-140.89,-18.40,7.51,4.06,-1.41
1442289,212094.52,24.20,-27.95,78.14,40.33,57.43,-70.81,5.16,4.02,-2.87
1442331,213298.16,14.24,-56.02,111.65,43.07,41.51,-13.79,4.57,4.15,-2.49
1442485,212103.07,20.48,-54.15,71.97,57.41,57.95,-16.30,3.91,4.47,-2.70
1442491,212285.44,11.94,-42.39,78.80,64.25,72.10,-13.60,4.80,4.10,-3.00
1444708,232518.95,-7.63,7.72,-8.69,-41.49,-87.55,4.68,5.32,6.10,-1.97
1444902,166158.31,1.64,-5.52,0.94,278.49,27.78,23.43,7.17,4.06,-1.40
1445926,213849.05,23.86,-45.63,105.77,33.91,42.89,-28.24,5.32,4.00,-2.59
1445950,225571.08,19.64,-56.62,111.61,34.54,29.94,-22.59,4.80,4.10,-2.63
1445957,221997.14,19.76,-49.32,110.90,38.86,36.28,-31.31,4.97,4.05,-2.56
1445972,218459.16,-4.99,-68.14,138.48,17.21,-1.24,-40.28,4.27,4.18,-2.42
1446004,232138.07,25.70,-48.91,105.88,45.57,34.75,-26.34,4.99,4.05,-2.60
1446185,212135.30,18.26,-53.02,113.36,36.39,28.64,-21.79,4.89,4.07,-2.74
1446194,213731.49,24.15,-46.22,98.63,38.26,52.84,-32.05,5.08,4.04,-2.58
1446267,212154.67,11.79,-31.51,52.93,42.41,41.99,-43.94,4.23,4.88,-2.52
1446274,212103.07,3.66,-45.90,86.21,75.95,44.25,-26.18,4.06,4.42,-2.86
1446314,212088.87,18.79,-29.95,90.45,46.08,48.34,-58.23,4.55,4.19,-2.89
1446362,212196.23,24.84,-34.26,83.83,60.67,65.89,-62.22,5.80,3.93,-2.63
1446416,219722.83,10.31,-90.52,142.35,29.23,-4.90,-26.95,3.56,5.09,-2.44
1447448,106657.05,-6.25,3.15,0.88,-127.72,-182.32,-28.20,7.81,4.00,-1.52
1448963,220934.40,19.86,-51.73,107.45,38.03,37.69,-32.91,5.30,4.00,-2.54
1448972,212192.85,-15.89,-31.54,16.47,52.80,30.04,-12.26,4.70,4.22,-2.37
1448999,212802.88,20.61,-33.83,90.50,49.70,46.12,-52.92,5.07,4.05,-2.89
1449044,212095.95,12.39,-25.34,59.33,84.02,54.34,-62.36,4.62,4.20,-2.82
1449099,214782.08,23.21,-49.67,90.37,27.48,54.70,-46.23,4.81,4.11,-2.47
1449129,224621.36,-3.37,-75.56,132.71,58.00,5.00,-17.93,3.70,5.03,-2.36
1449200,213580.96,12.56,-43.18,77.80,70.52,70.89,-30.34,5.08,4.04,-3.04
1449374,212684.35,27.75,-48.89,106.88,48.23,31.36,-22.91,4.74,4.11,-2.80
1449416,157008.84,18.83,-54.09,108.04,33.57,34.02,-30.45,5.13,4.03,-2.55
1449462,212247.03,17.16,-42.37,83.11,54.42,48.42,-1.23,3.93,4.87,-2.65
1451041,133413.06,2.98,-5.90,0.13,247.17,131.10,8.49,8.16,4.00,-1.50
1451976,218897.03,8.74,-28.81,80.84,66.91,52.90,-46.25,5.25,4.01,-3.01
1452039,213142.14,24.54,-40.05,93.70,42.29,47.47,-47.04,5.36,3.99,-2.75
1452056,216104.90,29.45,-31.12,62.63,29.46,51.78,-83.22,4.63,4.15,-2.51
1452062,215692.64,23.59,-56.37,101.81,46.74,41.78,-9.92,4.04,4.41,-2.54
1452064,222584.75,8.41,-73.31,140.30,103.20,-6.77,25.85,5.80,3.97,-2.49
1452074,220314.38,20.29,-45.98,108.59,33.33,46.38,-20.87,4.62,4.14,-2.57
1452091,215150.04,31.19,-37.18,67.22,22.87,70.56,-77.58,5.36,4.01,-2.47
1452126,153838.58,15.24,-24.14,75.59,23.38,43.30,-66.65,4.58,4.20,-2.46
1452144,212104.64,-64.09,-66.30,12.88,52.36,2.71,18.38,4.06,4.37,-2.84
1452151,151795.67,17.28,-48.93,104.90,36.80,55.77,-27.30,4.85,4.08,-2.50
1452152,157319.42,24.94,-38.94,93.56,50.54,57.40,-47.99,5.33,3.99,-2.79
1452316,222416.77,20.67,-52.55,105.11,33.00,36.21,-43.07,4.90,4.06,-2.56
1452318,214381.33,16.63,-40.70,49.58,39.66,30.99,-33.08,4.16,4.39,-2.41
1454847,212531.81,12.35,-36.81,76.54,75.93,64.28,-34.58,4.83,4.10,-2.98
1454887,219780.54,22.49,-46.18,45.67,27.90,57.68,-9.64,4.20,4.32,-2.50
1454888,212975.96,2.87,-39.32,79.93,81.89,76.91,-26.23,4.84,4.09,-2.97
1454992,237765.60,12.37,-91.58,135.82,29.89,7.79,-13.48,3.47,5.13,-2.45
1454993,226796.72,26.99,-30.49,83.19,32.75,55.76,-66.44,5.26,4.01,-2.52
1455098,215698.62,-10.64,-45.71,58.64,76.55,50.43,9.16,4.23,4.28,-2.79
1456788,214691.69,16.86,-16.91,63.26,12.35,38.40,-100.51,5.11,4.06,-2.43
1457063,213313.88,24.53,-44.55,99.94,54.80,45.28,-45.00,5.49,3.98,-2.56
1457133,212118.52,16.80,-16.50,63.76,14.63,42.29,-99.04,5.17,4.04,-2.46
1457249,152979.94,12.99,-55.57,113.50,27.57,30.53,-27.12,4.53,4.16,-2.54
1457337,218296.28,24.62,-32.48,77.71,62.31,64.82,-53.68,5.52,3.98,-2.58
1457588,214875.94,31.78,-36.28,75.42,36.35,43.24,-81.21,5.04,4.05,-2.55
1457634,224113.40,23.61,-40.97,92.47,49.16,60.64,-45.10,5.13,4.03,-2.57
1457648,220379.16,17.99,-50.95,111.28,32.34,38.33,-26.33,5.06,4.03,-2.54
1457671,212095.54,10.32,-36.19,76.46,81.14,64.37,-37.63,5.11,4.04,-3.01
1457673,212090.18,7.31,-27.88,81.51,74.29,72.26,-46.00,5.02,4.07,-3.02
1457705,212093.45,8.93,-54.62,64.59,61.35,60.93,-10.69,4.54,4.18,-2.71
1459279,214901.67,21.21,-48.43,110.05,40.85,38.10,-24.00,5.05,4.03,-2.52
1459313,212087.22,20.85,-20.06,64.15,33.18,50.57,-102.96,4.99,4.08,-2.84
1459345,212157.52,21.61,-51.34,105.76,34.77,36.80,-34.73,5.24,4.01,-2.69
1459378,219561.46,1.20,-83.39,142.41,29.02,-3.42,-15.77,3.85,4.37,-2.46
1459385,153092.57,24.25,-25.51,53.34,42.64,99.01,-97.96,5.38,4.02,-2.46
1459489,213121.94,24.93,-31.78,79.85,52.47,68.67,-72.19,5.77,3.94,-2.59
1459530,154971.47,18.91,-50.33,111.61,35.98,37.84,-25.40,5.06,4.03,-2.62
1459561,91988.65,19.21,-53.52,109.28,31.56,30.43,-32.14,5.27,4.00,-2.55
1459739,212141.73,8.12,-34.64,69.43,77.82,38.11,-11.70,4.04,4.89,-2.60
1459767,214734.00,20.19,-22.20,61.19,36.19,62.81,-83.35,5.09,4.06,-2.81
1461709,212278.37,25.24,-41.95,90.73,37.79,44.40,-53.95,5.15,4.02,-2.65
1461712,216801.85,27.37,-49.87,105.42,41.84,27.62,-30.13,4.79,4.08,-2.64
1461718,219959.42,16.12,-17.57,65.29,36.58,56.76,-84.04,4.87,4.11,-2.42
1461736,217724.62,23.86,-25.80,69.05,44.71,58.51,-85.99,5.25,4.01,-2.87
1461762,212262.49,28.90,-30.41,76.00,54.02,60.11,-70.09,5.05,4.04,-2.79
1461785,212092.54,5.29,-31.42,80.96,81.71,48.06,-26.50,4.60,4.18,-2.81
1461789,212086.28,198.24,77.56,111.39,-136.97,-24.46,30.02,2.76,4.86,-3.75
1461806,217371.64,0.09,-46.42,84.64,73.00,47.20,-2.35,4.07,4.36,-2.91
1461816,218913.19,13.41,-7.03,18.18,-31.48,104.70,-129.74,5.43,4.10,-2.34
1461945,215876.50,30.48,-44.15,74.57,50.04,47.80,-43.11,4.40,4.99,-2.50
1461983,212095.60,4.57,-40.32,79.50,83.40,67.10,-38.06,4.89,4.08,-3.02
1461994,212096.38,18.78,-35.08,81.11,62.27,48.45,-42.29,4.95,4.07,-2.77
1461995,212089.67,24.08,-39.44,94.43,50.01,57.18,-51.02,5.54,3.97,-2.78
1462022,212369.43,19.08,-57.80,113.39,30.17,25.80,-27.73,4.59,4.13,-2.68
1462122,212084.20,185.14,71.62,121.43,-139.81,-30.63,26.66,2.72,4.85,-3.73
1463038,212102.27,23.18,47.57,102.20,-151.21,-45.92,6.55,4.66,4.17,-3.20
1463141,212084.67,34.29,48.65,115.63,-215.36,-14.92,-25.32,4.43,4.52,-3.56
1463252,212084.14,2.49,14.70,67.46,-168.77,-57.31,-101.71,4.64,4.22,-3.50
1463279,212093.36,-3.80,16.28,68.51,-142.65,-33.70,-111.24,5.16,4.08,-3.45
1463318,212085.65,25.06,49.98,101.46,-165.13,-20.18,-10.26,4.36,5.02,-3.32
1463614,212084.16,177.99,73.62,132.89,-141.81,-30.83,17.03,2.68,4.74,-3.74
1464014,150459.17,23.51,-33.28,78.83,57.95,76.77,-52.49,5.46,4.00,-2.55
1464128,212093.88,5.63,-47.13,79.44,71.19,59.91,-6.70,4.47,4.19,-2.86
1464143,214693.64,19.33,-43.44,98.84,49.81,49.90,-39.67,4.95,4.07,-2.55
1464339,228845.66,-4.23,-84.39,144.55,19.17,9.44,-19.51,3.65,4.67,-2.45
1464379,222627.33,27.72,-30.16,53.95,3.77,71.55,-72.47,4.35,4.35,-2.40
1464380,212097.96,22.96,-46.14,45.58,25.69,57.53,-12.37,4.19,4.31,-2.52
1464502,212108.25,8.05,-55.34,65.12,61.55,58.80,-16.62,4.40,4.50,-2.55
1465145,212092.24,229.87,59.86,96.51,-135.28,-8.41,54.17,2.82,4.75,-5.64
1465401,212085.22,32.28,40.65,97.76,-160.48,-25.41,-18.30,4.03,4.51,-3.07
1465412,212114.52,30.98,47.90,111.02,-203.42,-16.93,-32.78,4.32,4.60,-3.25
1465466,212112.33,208.29,54.85,108.26,-143.92,-16.69,54.39,2.87,4.78,-4.91
1465520,212088.84,48.30,47.00,117.17,-205.97,-15.32,-17.89,4.06,5.13,-3.52
1465533,212115.67,228.51,43.15,99.99,-138.29,-11.33,61.05,2.75,4.82,-4.51
1465630,168076.27,21.06,37.15,93.52,-120.18,-48.87,-47.29,4.66,4.23,-3.17
1465797,212084.13,169.37,80.86,140.33,-138.20,-32.46,5.34,2.68,4.73,-3.45
1465951,154049.53,40.34,55.90,104.04,-180.49,-54.47,-12.05,3.89,5.02,-2.71
1466054,212093.50,182.35,58.02,134.72,-146.12,-38.48,31.80,2.79,4.71,-4.47
1466090,212085.14,215.34,66.11,118.53,-149.65,-10.30,54.55,3.04,4.66,-4.45
1466154,212084.16,201.83,64.82,140.05,-135.04,-30.35,24.23,2.81,4.80,-3.85
1466233,212090.90,190.09,67.82,117.31,-141.03,-41.21,39.84,2.73,4.74,-4.21
1466645,212095.46,13.23,-31.16,82.07,59.21,53.21,-18.69,4.80,4.11,-2.90
1466680,212104.66,24.38,-20.49,53.31,41.78,75.31,-115.08,6.07,3.89,-2.94
1467789,212125.40,220.06,44.30,114.72,-133.16,-21.79,64.29,2.76,4.76,-4.30
1467845,212120.85,203.07,39.50,126.11,-143.44,-21.16,50.95,2.79,4.71,-4.11
1467993,212110.24,15.62,19.38,83.69,-140.88,-54.77,-80.47,4.23,4.85,-3.31
1468056,212089.21,30.56,49.63,116.42,-201.93,-41.63,-2.33,4.44,4.20,-3.44
1468192,214023.06,17.45,35.67,92.07,-118.84,-56.65,-38.07,4.47,4.28,-3.20
1468309,212088.91,26.54,45.14,114.14,-155.72,-38.14,1.49,4.27,4.27,-2.86
1468326,213978.66,30.60,37.98,99.62,-159.54,-30.96,-20.81,4.19,4.30,-3.08
1468349,212084.86,46.99,55.99,113.98,-189.64,-17.48,-28.26,4.08,5.02,-3.06
1470244,212117.59,215.62,50.14,112.08,-138.75,-16.73,58.40,2.82,4.82,-4.84
1470372,217608.17,24.88,59.81,107.54,-136.42,-76.36,-28.32,4.21,4.59,-2.61
1470503,212095.07,207.33,59.04,104.75,-142.72,-20.98,50.97,2.92,4.79,-5.27
1470520,212091.10,219.13,68.03,92.57,-146.76,-8.44,42.57,2.89,4.84,-5.22
1470637,212096.66,25.21,48.73,115.31,-193.70,-47.90,-28.13,4.48,5.23,-3.13
1470650,212109.16,199.41,53.27,140.35,-140.89,-23.69,37.42,2.80,4.68,-3.81
1472300,226301.01,36.47,44.92,104.79,-195.38,-36.41,-46.61,3.99,4.75,-2.99
1472311,212086.77,59.62,46.33,114.21,-186.85,-24.54,13.85,3.90,5.24,-3.59
1472312,212084.14,26.15,51.44,113.31,-178.19,-5.67,-1.89,4.55,4.21,-3.17
1472315,212107.21,203.12,46.63,121.52,-142.92,-22.83,54.29,2.83,4.68,-3.98
1472351,212092.33,207.59,61.46,99.10,-144.85,-26.11,45.59,2.97,4.80,-4.89
1472481,212101.01,208.29,54.51,113.11,-144.41,-18.52,58.97,2.88,4.78,-4.49
1472517,212114.15,199.77,67.51,96.76,-141.93,-20.75,38.57,2.98,4.77,-4.34
1484881,212187.03,26.80,-25.19,68.04,46.72,71.08,-110.40,4.60,5.36,-2.70
1484904,212140.55,27.20,-28.78,71.59,22.24,38.07,-64.46,5.12,4.03,-2.71
1485127,212767.44,23.47,-25.71,68.89,39.79,68.08,-81.09,5.15,4.02,-2.83
1487816,216858.81,16.67,-16.82,63.47,15.24,46.61,-106.18,5.16,4.04,-2.41
1488052,212093.14,31.79,-32.60,80.50,32.89,6.11,-37.83,4.53,4.22,-2.85
1490355,227746.59,10.74,-100.02,136.88,31.75,-3.11,-22.23,3.41,4.84,-2.40
1490376,212627.90,27.55,-37.39,85.74,21.41,53.68,-58.55,4.93,4.08,-2.69
1490401,152614.15,25.22,-55.39,92.01,41.63,37.04,-26.38,4.02,4.36,-2.45
1490484,214903.62,0.57,-31.51,77.07,80.47,61.77,-28.78,4.77,4.13,-2.85
1490509,162145.06,20.49,-45.80,106.24,41.61,38.05,-34.67,4.97,4.06,-2.54
1490567,212084.13,205.82,150.94,2.39,-112.91,-83.62,21.53,2.41,4.50,-4.87
1490648,154782.48,3.01,-44.70,85.59,67.74,47.45,-40.37,4.17,4.33,-2.88
1492807,213664.98,11.58,-43.07,76.29,65.44,67.87,-31.63,5.20,4.02,-2.97
1492923,212084.13,209.68,143.08,5.23,-122.41,-78.01,5.70,2.40,4.56,-4.84
1493005,220553.51,25.29,-23.91,69.83,43.68,60.63,-93.74,5.78,3.94,-2.91
1494539,151696.65,9.46,-27.77,71.17,86.83,65.97,-44.84,5.02,4.07,-2.89
1494607,162549.37,15.75,-72.21,138.18,70.28,18.98,9.29,3.75,4.76,-2.46
1494944,215602.71,15.07,-24.60,76.09,22.35,48.51,-60.37,4.59,4.19,-2.45
1496501,212599.88,24.35,-43.20,101.43,36.65,43.79,-39.18,5.28,4.00,-2.69
1496679,212139.32,-8.73,-37.19,33.39,40.96,16.00,-25.28,4.40,4.31,-2.42
1497998,212124.28,-8.79,-46.81,53.97,68.94,37.29,-7.31,4.21,5.16,-2.77
1498008,213489.80,25.64,-42.74,96.68,34.98,40.52,-46.73,5.11,4.03,-2.59
1499689,212084.13,191.25,157.58,6.40,-111.09,-82.82,17.14,2.57,4.67,-4.50
1500221,212105.92,231.70,55.03,91.98,-138.88,0.04,61.60,2.81,4.86,-5.38
1500381,212088.87,13.66,28.69,84.50,-124.79,-67.88,-66.78,5.13,4.05,-3.33
1500426,212097.70,230.65,34.93,100.58,-141.13,-10.33,58.42,2.67,4.77,-4.16
1500450,212114.80,231.41,51.18,92.46,-136.59,1.27,57.76,2.76,4.79,-4.98
1500579,212084.20,203.44,77.18,120.71,-130.91,-24.75,25.04,2.71,4.75,-3.82
1500616,212084.21,194.02,70.90,124.87,-128.97,-36.40,25.92,2.72,4.79,-3.71
1500647,212088.98,200.31,71.07,118.71,-135.06,-32.85,37.69,2.82,4.84,-4.25
1501914,212087.62,53.55,50.31,120.75,-185.76,-6.04,-19.53,4.00,4.91,-3.47
1503173,212113.75,207.31,49.19,116.62,-143.04,-19.55,57.84,2.83,4.76,-4.68
1503390,212093.84,224.48,69.12,98.78,-139.37,-9.39,60.04,2.95,4.87,-4.93
1503402,212116.15,31.26,47.74,112.89,-178.98,-22.55,-25.64,4.33,4.28,-3.35
1503433,212096.29,203.98,44.45,141.27,-140.54,-23.11,37.76,2.79,4.70,-3.76
1503459,212110.31,217.66,51.29,117.43,-135.44,-22.12,60.05,2.80,4.74,-4.32
1514216,216231.23,25.78,-38.72,74.66,37.50,66.51,-37.82,4.62,4.20,-2.50
